{"level":"debug","time":"2025-02-11T17:48:47.942+0530","caller":"cmd/bin.go:121","msg":"cli os: windows, cli arch: amd64"}
{"level":"debug","time":"2025-02-11T17:48:48.015+0530","caller":"cmd/bin.go:130","msg":"Upstream version details: {Name:cli Min:0.2.195 Max:0.2.256} "}
{"level":"debug","time":"2025-02-11T17:48:48.279+0530","caller":"core/lifecycle.go:106","msg":"Setting environment"}
{"level":"debug","time":"2025-02-11T17:48:48.279+0530","caller":"core/lifecycle.go:109","msg":"Parsing config"}
{"level":"debug","time":"2025-02-11T17:48:48.279+0530","caller":"yamlconfigmanager/setup.go:672","msg":"Custom location for .hyperexecute.yaml specified. Using: hyperexecute.yaml"}
{"level":"debug","time":"2025-02-11T17:48:48.280+0530","caller":"yamlconfigmanager/setup.go:110","msg":"using hyperexecute config from : hyperexecute.yaml"}
{"level":"debug","time":"2025-02-11T17:48:48.397+0530","caller":"yamlconfigmanager/setup.go:1952","msg":"Autodetecting test type in files of path : C:\\LambdaTest_Git_Repo\\HyperExecute-Playwright-Vanilla-Javascript"}
{"level":"debug","time":"2025-02-11T17:48:48.397+0530","caller":"yamlconfigmanager/setup.go:1994","msg":"File in which test type is detected - C:\\LambdaTest_Git_Repo\\HyperExecute-Playwright-Vanilla-Javascript/package.json"}
{"level":"debug","time":"2025-02-11T17:48:48.397+0530","caller":"yamlconfigmanager/setup.go:1995","msg":"Pre command in which test type is detected - npx playwright install"}
{"level":"debug","time":"2025-02-11T17:48:48.397+0530","caller":"yamlconfigmanager/setup.go:480","msg":"Automatic test type detected - playwright"}
{"level":"debug","time":"2025-02-11T17:48:48.397+0530","caller":"yamlconfigmanager/setup.go:518","msg":"Tunnel: false"}
{"level":"info","time":"2025-02-11T17:48:48.397+0530","caller":"models/HypertestYamlConfig.go:742","msg":"\nExecution Plan"}
{"level":"info","time":"2025-02-11T17:48:48.398+0530","caller":"models/HypertestYamlConfig.go:543","msg":"Mode:    autosplit"}
{"level":"info","time":"2025-02-11T17:48:48.398+0530","caller":"models/HypertestYamlConfig.go:603","msg":"Runson:    win"}
{"level":"info","time":"2025-02-11T17:48:48.398+0530","caller":"models/HypertestYamlConfig.go:611","msg":"Concurrency:    2"}
{"level":"info","time":"2025-02-11T17:48:48.398+0530","caller":"models/HypertestYamlConfig.go:675","msg":"Report:    disabled"}
{"level":"info","time":"2025-02-11T17:48:48.398+0530","caller":"models/HypertestYamlConfig.go:707","msg":"Cache Directories:"}
{"level":"info","time":"2025-02-11T17:48:48.399+0530","caller":"models/HypertestYamlConfig.go:709","msg":"    node_modules"}
{"level":"info","time":"2025-02-11T17:48:48.399+0530","caller":"models/HypertestYamlConfig.go:755","msg":""}
{"level":"debug","time":"2025-02-11T17:48:48.399+0530","caller":"filevalidator/setup.go:49","msg":"Warning: Checking data.json file in current directory, no dataJsonPath found in .hyperexecute.yaml"}
{"level":"debug","time":"2025-02-11T17:48:48.399+0530","caller":"filevalidator/setup.go:53","msg":"Warning: data.json file doesn't exist"}
{"level":"info","time":"2025-02-11T17:48:48.781+0530","caller":"core/lifecycle.go:436","msg":"You've consumed 4.36 % of your limit. Free trial mins left - 286.91"}
{"level":"debug","time":"2025-02-11T17:48:48.781+0530","caller":"core/lifecycle.go:511","msg":"Job ID: 1ba852ef-82a8-4cf7-b81e-f15e1c75718f"}
{"level":"debug","time":"2025-02-11T17:48:48.781+0530","caller":"core/lifecycle.go:517","msg":"User has provided playwright as test type for the job with ID 1ba852ef-82a8-4cf7-b81e-f15e1c75718f"}
{"level":"debug","time":"2025-02-11T17:48:48.781+0530","caller":"events/manager.go:95","msg":"Starting event manager"}
{"level":"debug","time":"2025-02-11T17:48:48.781+0530","caller":"events/manager.go:97","msg":"SSE enabled, getting SSE connection"}
{"level":"debug","time":"2025-02-11T17:48:48.782+0530","caller":"archivemanager/setup.go:340","msg":"digestMap: map[]"}
{"level":"debug","time":"2025-02-11T17:48:48.782+0530","caller":"archivemanager/setup.go:346","msg":"Creating archive of target directory: C:\\LambdaTest_Git_Repo\\HyperExecute-Playwright-Vanilla-Javascript"}
{"level":"debug","time":"2025-02-11T17:48:49.032+0530","caller":"events/manager.go:277","msg":"connection to hyperexecute server established successfully."}
{"level":"debug","time":"2025-02-11T17:48:49.110+0530","caller":"core/lifecycle.go:654","msg":"Zip file size: 207.16 kB"}
{"level":"debug","time":"2025-02-11T17:48:49.110+0530","caller":"core/lifecycle.go:664","msg":"Archive location: C:\\LambdaTest_Git_Repo\\HyperExecute-Playwright-Vanilla-Javascript\\hyperexecute-code-1ba852ef-82a8-4cf7-b81e-f15e1c75718f.zip\n"}
{"level":"debug","time":"2025-02-11T17:48:49.130+0530","caller":"storage/azure.go:59","msg":"Payload size: 207.16 kB, source path C:\\LambdaTest_Git_Repo\\HyperExecute-Playwright-Vanilla-Javascript\\hyperexecute-code-1ba852ef-82a8-4cf7-b81e-f15e1c75718f.zip"}
{"level":"debug","time":"2025-02-11T17:48:49.131+0530","caller":"utils/azcopy.go:143","msg":"Downloading dependency binary ..................."}
{"level":"debug","time":"2025-02-11T17:48:49.269+0530","caller":"utils/azcopy.go:100","msg":"Downloading dependency to upload files"}
{"level":"debug","time":"2025-02-11T17:48:49.537+0530","caller":"storage/azure.go:59","msg":"Payload size: 7.05 kB, source path C:\\Users\\lparate\\AppData\\Local\\Temp\\git.diff"}
{"level":"info","time":"2025-02-11T17:48:59.623+0530","caller":"utils/azcopy.go:118","msg":"✔ Dependency binary downloaded successfully"}
{"level":"debug","time":"2025-02-11T17:48:59.623+0530","caller":"utils/azcopy.go:190","msg":"returning from fallback"}
{"level":"info","time":"2025-02-11T17:49:01.952+0530","caller":"storage/azure.go:114","msg":"File upload completed in 12.8414591s"}
{"level":"debug","time":"2025-02-11T17:49:01.953+0530","caller":"receptionmanager/setup.go:267","msg":"number of entries in runtimes: 0, switching to new yaml format"}
{"level":"debug","time":"2025-02-11T17:49:01.953+0530","caller":"receptionmanager/setup.go:296","msg":"number of entries in partialreports: 0, switching to new yaml format"}
{"level":"debug","time":"2025-02-11T17:49:01.954+0530","caller":"receptionmanager/setup.go:184","msg":"Uploading yaml : C:\\LambdaTest_Git_Repo\\HyperExecute-Playwright-Vanilla-Javascript\\.updatedhyperexecute.yaml"}
{"level":"debug","time":"2025-02-11T17:49:01.972+0530","caller":"storage/azure.go:59","msg":"Payload size: 3.25 kB, source path C:\\LambdaTest_Git_Repo\\HyperExecute-Playwright-Vanilla-Javascript\\.updatedhyperexecute.yaml"}
{"level":"info","time":"2025-02-11T17:49:10.015+0530","caller":"storage/azure.go:114","msg":"File upload completed in 20.4927867s"}
{"level":"info","time":"2025-02-11T17:49:18.089+0530","caller":"storage/azure.go:114","msg":"File upload completed in 16.1349281s"}
{"level":"debug","time":"2025-02-11T17:49:18.091+0530","caller":"core/lifecycle.go:691","msg":"Successfully deleted code archive: C:\\LambdaTest_Git_Repo\\HyperExecute-Playwright-Vanilla-Javascript\\hyperexecute-code-1ba852ef-82a8-4cf7-b81e-f15e1c75718f.zip\n"}
{"level":"debug","time":"2025-02-11T17:49:18.105+0530","caller":"storage/azure.go:59","msg":"Payload size: 481 B, source path mask-1ba852ef-82a8-4cf7-b81e-f15e1c75718f.yaml"}
{"level":"info","time":"2025-02-11T17:49:28.477+0530","caller":"storage/azure.go:114","msg":"File upload completed in 10.385464s"}
{"level":"debug","time":"2025-02-11T17:49:29.880+0530","caller":"jobmanager/sse_setup.go:194","msg":"Task id: c69747af-e52a-4843-b5f0-f11aa2601aa0"}
{"level":"debug","time":"2025-02-11T17:49:29.880+0530","caller":"jobmanager/sse_setup.go:195","msg":"Sending new task alert to stage manager for taskId: c69747af-e52a-4843-b5f0-f11aa2601aa0"}
{"level":"debug","time":"2025-02-11T17:49:29.880+0530","caller":"jobmanager/sse_setup.go:194","msg":"Task id: ca8ff164-5add-4db6-8600-95d987af280e"}
{"level":"debug","time":"2025-02-11T17:49:29.880+0530","caller":"jobmanager/sse_setup.go:195","msg":"Sending new task alert to stage manager for taskId: ca8ff164-5add-4db6-8600-95d987af280e"}
{"level":"info","time":"2025-02-11T17:49:31.378+0530","caller":"terminal/terminal.go:187","msg":"✔ [1]  cache-download (1s)\n"}
{"level":"info","time":"2025-02-11T17:49:31.395+0530","caller":"terminal/terminal.go:187","msg":"✔ [2]  cache-download (1s)\n"}
{"level":"info","time":"2025-02-11T17:49:31.959+0530","caller":"jobmanager/sse_setup.go:85","msg":"\nJob 1ba852ef-82a8-4cf7-b81e-f15e1c75718f has started RUNNING"}
{"level":"info","time":"2025-02-11T17:49:31.959+0530","caller":"jobmanager/manager.go:142","msg":"Job Link: https://hyperexecute.lambdatest.com/hyperexecute/task?jobId=1ba852ef-82a8-4cf7-b81e-f15e1c75718f\n"}
{"level":"info","time":"2025-02-11T17:50:01.635+0530","caller":"terminal/terminal.go:187","msg":"✔ [1]  pre (31s)\n"}
{"level":"info","time":"2025-02-11T17:50:01.963+0530","caller":"terminal/terminal.go:187","msg":"✔ [1]  discovery (1s)\n"}
{"level":"info","time":"2025-02-11T17:50:03.354+0530","caller":"terminal/terminal.go:187","msg":"✔ [2]  pre (33s)\n"}
{"level":"info","time":"2025-02-11T17:50:03.702+0530","caller":"terminal/terminal.go:187","msg":"✔ [2]  discovery (1s)\n"}
{"level":"info","time":"2025-02-11T17:50:22.920+0530","caller":"terminal/terminal.go:187","msg":"✔ [1]  tests/test_1.spec.js (19s)\n"}
{"level":"info","time":"2025-02-11T17:50:26.763+0530","caller":"terminal/terminal.go:187","msg":"✔ [2]  tests/test_2.spec.js (20s)\n"}
{"level":"info","time":"2025-02-11T17:50:37.837+0530","caller":"terminal/terminal.go:187","msg":"✔ [1]  tests/test_3.spec.js (15s)\n"}
{"level":"info","time":"2025-02-11T17:50:42.336+0530","caller":"terminal/terminal.go:187","msg":"✔ [2]  tests/test_4.spec.js (16s)\n"}
{"level":"debug","time":"2025-02-11T17:50:45.506+0530","caller":"jobmanager/sse_setup.go:136","msg":"\n\nJob status"}
{"level":"debug","time":"2025-02-11T17:50:45.506+0530","caller":"core/lifecycle.go:874","msg":"Context canceled"}
{"level":"info","time":"2025-02-11T17:50:45.506+0530","caller":"core/lifecycle.go:877","msg":"Stopping pipeline gracefully"}
{"level":"info","time":"2025-02-11T17:50:45.506+0530","caller":"jobmanager/manager.go:142","msg":"Job Link: https://hyperexecute.lambdatest.com/hyperexecute/task?jobId=1ba852ef-82a8-4cf7-b81e-f15e1c75718f\n"}
{"level":"debug","time":"2025-02-11T17:50:45.506+0530","caller":"core/lifecycle.go:57","msg":"Quit requested from main goroutine...."}
{"level":"debug","time":"2025-02-11T17:50:45.507+0530","caller":"core/lifecycle.go:58","msg":"Waiting for the goroutines to exit"}
{"level":"info","time":"2025-02-11T17:50:45.550+0530","caller":"jobmanager/JobSummaryManager.go:54","msg":"\n COMPLETED \n"}
{"level":"info","time":"2025-02-11T17:50:45.550+0530","caller":"jobmanager/JobSummaryManager.go:113","msg":"    Test Execution Time:                  29s"}
{"level":"info","time":"2025-02-11T17:50:45.550+0530","caller":"jobmanager/JobSummaryManager.go:113","msg":"    Job Duration Time:                    1m13s"}
{"level":"info","time":"2025-02-11T17:50:45.551+0530","caller":"jobmanager/JobSummaryManager.go:113","msg":"    Total Tasks:                          2"}
{"level":"info","time":"2025-02-11T17:50:45.551+0530","caller":"jobmanager/JobSummaryManager.go:113","msg":"    Cumulative Time Consumed:             2m22s"}
{"level":"info","time":"2025-02-11T17:50:45.551+0530","caller":"jobmanager/JobSummaryManager.go:113","msg":"    Total Stages:                         8"}
{"level":"info","time":"2025-02-11T17:50:45.551+0530","caller":"jobmanager/JobSummaryManager.go:113","msg":"    Pass discovery stage percentage:      100.00%"}
{"level":"info","time":"2025-02-11T17:50:45.551+0530","caller":"jobmanager/JobSummaryManager.go:113","msg":"    Failed discovery stage percentage:    0.00%"}
{"level":"info","time":"2025-02-11T17:50:45.551+0530","caller":"jobmanager/JobSummaryManager.go:113","msg":"    Pass pre stage percentage:            100.00%"}
{"level":"info","time":"2025-02-11T17:50:45.552+0530","caller":"jobmanager/JobSummaryManager.go:113","msg":"    Failed pre stage percentage:          0.00%"}
{"level":"info","time":"2025-02-11T17:50:45.552+0530","caller":"jobmanager/JobSummaryManager.go:113","msg":"    Pass test stage percentage:           100.00%"}
{"level":"info","time":"2025-02-11T17:50:45.552+0530","caller":"jobmanager/JobSummaryManager.go:113","msg":"    Failed test stage percentage:         0.00%"}
{"level":"info","time":"2025-02-11T17:50:45.552+0530","caller":"jobmanager/JobSummaryManager.go:113","msg":"    Pass post stage percentage:           0.00%"}
{"level":"info","time":"2025-02-11T17:50:45.552+0530","caller":"jobmanager/JobSummaryManager.go:113","msg":"    Failed post stage percentage:         0.00%"}
{"level":"info","time":"2025-02-11T17:50:45.552+0530","caller":"jobmanager/JobSummaryManager.go:113","msg":"    Failed Tasks:                         0"}
{"level":"info","time":"2025-02-11T17:50:45.553+0530","caller":"jobmanager/JobSummaryManager.go:58","msg":""}
{"level":"debug","time":"2025-02-11T17:51:15.514+0530","caller":"cmd/bin.go:330","msg":"main: all goroutines have finished."}
{"level":"debug","time":"2025-02-11T17:53:44.823+0530","caller":"cmd/bin.go:121","msg":"cli os: windows, cli arch: amd64"}
{"level":"debug","time":"2025-02-11T17:53:45.061+0530","caller":"cmd/bin.go:130","msg":"Upstream version details: {Name:cli Min:0.2.195 Max:0.2.256} "}
{"level":"debug","time":"2025-02-11T17:53:45.355+0530","caller":"core/lifecycle.go:106","msg":"Setting environment"}
{"level":"debug","time":"2025-02-11T17:53:45.355+0530","caller":"core/lifecycle.go:109","msg":"Parsing config"}
{"level":"debug","time":"2025-02-11T17:53:45.356+0530","caller":"yamlconfigmanager/setup.go:672","msg":"Custom location for .hyperexecute.yaml specified. Using: hyperexecute.yaml"}
{"level":"debug","time":"2025-02-11T17:53:45.356+0530","caller":"yamlconfigmanager/setup.go:110","msg":"using hyperexecute config from : hyperexecute.yaml"}
{"level":"debug","time":"2025-02-11T17:53:46.763+0530","caller":"yamlconfigmanager/setup.go:1952","msg":"Autodetecting test type in files of path : C:\\LambdaTest_Git_Repo\\HyperExecute-Playwright-Vanilla-Javascript"}
{"level":"debug","time":"2025-02-11T17:53:46.763+0530","caller":"yamlconfigmanager/setup.go:1994","msg":"File in which test type is detected - C:\\LambdaTest_Git_Repo\\HyperExecute-Playwright-Vanilla-Javascript/package.json"}
{"level":"debug","time":"2025-02-11T17:53:46.763+0530","caller":"yamlconfigmanager/setup.go:1995","msg":"Pre command in which test type is detected - npx playwright install"}
{"level":"debug","time":"2025-02-11T17:53:46.763+0530","caller":"yamlconfigmanager/setup.go:480","msg":"Automatic test type detected - playwright"}
{"level":"debug","time":"2025-02-11T17:53:46.763+0530","caller":"yamlconfigmanager/setup.go:518","msg":"Tunnel: false"}
{"level":"info","time":"2025-02-11T17:53:46.763+0530","caller":"models/HypertestYamlConfig.go:742","msg":"\nExecution Plan"}
{"level":"info","time":"2025-02-11T17:53:46.764+0530","caller":"models/HypertestYamlConfig.go:543","msg":"Mode:    autosplit"}
{"level":"info","time":"2025-02-11T17:53:46.764+0530","caller":"models/HypertestYamlConfig.go:603","msg":"Runson:    win"}
{"level":"info","time":"2025-02-11T17:53:46.764+0530","caller":"models/HypertestYamlConfig.go:611","msg":"Concurrency:    2"}
{"level":"info","time":"2025-02-11T17:53:46.764+0530","caller":"models/HypertestYamlConfig.go:675","msg":"Report:    disabled"}
{"level":"info","time":"2025-02-11T17:53:46.764+0530","caller":"models/HypertestYamlConfig.go:707","msg":"Cache Directories:"}
{"level":"info","time":"2025-02-11T17:53:46.765+0530","caller":"models/HypertestYamlConfig.go:709","msg":"    node_modules"}
{"level":"info","time":"2025-02-11T17:53:46.765+0530","caller":"models/HypertestYamlConfig.go:755","msg":""}
{"level":"debug","time":"2025-02-11T17:53:46.765+0530","caller":"filevalidator/setup.go:49","msg":"Warning: Checking data.json file in current directory, no dataJsonPath found in .hyperexecute.yaml"}
{"level":"debug","time":"2025-02-11T17:53:46.765+0530","caller":"filevalidator/setup.go:53","msg":"Warning: data.json file doesn't exist"}
{"level":"info","time":"2025-02-11T17:53:50.895+0530","caller":"core/lifecycle.go:436","msg":"You've consumed 5.16 % of your limit. Free trial mins left - 284.53"}
{"level":"debug","time":"2025-02-11T17:53:50.895+0530","caller":"core/lifecycle.go:511","msg":"Job ID: 73a1cc9a-2804-4737-a32d-25e775fc5588"}
{"level":"debug","time":"2025-02-11T17:53:50.895+0530","caller":"events/manager.go:95","msg":"Starting event manager"}
{"level":"debug","time":"2025-02-11T17:53:50.895+0530","caller":"events/manager.go:97","msg":"SSE enabled, getting SSE connection"}
{"level":"debug","time":"2025-02-11T17:53:50.895+0530","caller":"core/lifecycle.go:517","msg":"User has provided playwright as test type for the job with ID 73a1cc9a-2804-4737-a32d-25e775fc5588"}
{"level":"debug","time":"2025-02-11T17:53:50.898+0530","caller":"archivemanager/setup.go:340","msg":"digestMap: map[]"}
{"level":"debug","time":"2025-02-11T17:53:50.898+0530","caller":"archivemanager/setup.go:346","msg":"Creating archive of target directory: C:\\LambdaTest_Git_Repo\\HyperExecute-Playwright-Vanilla-Javascript"}
{"level":"debug","time":"2025-02-11T17:53:51.141+0530","caller":"core/lifecycle.go:654","msg":"Zip file size: 208.01 kB"}
{"level":"debug","time":"2025-02-11T17:53:51.142+0530","caller":"core/lifecycle.go:664","msg":"Archive location: C:\\LambdaTest_Git_Repo\\HyperExecute-Playwright-Vanilla-Javascript\\hyperexecute-code-73a1cc9a-2804-4737-a32d-25e775fc5588.zip\n"}
{"level":"debug","time":"2025-02-11T17:53:51.146+0530","caller":"events/manager.go:277","msg":"connection to hyperexecute server established successfully."}
{"level":"debug","time":"2025-02-11T17:53:51.158+0530","caller":"storage/azure.go:59","msg":"Payload size: 208.01 kB, source path C:\\LambdaTest_Git_Repo\\HyperExecute-Playwright-Vanilla-Javascript\\hyperexecute-code-73a1cc9a-2804-4737-a32d-25e775fc5588.zip"}
{"level":"debug","time":"2025-02-11T17:53:51.560+0530","caller":"storage/azure.go:59","msg":"Payload size: 7.05 kB, source path C:\\Users\\lparate\\AppData\\Local\\Temp\\git.diff"}
{"level":"debug","time":"2025-02-11T17:53:52.862+0530","caller":"cmd/bin.go:338","msg":"main: received C-c - attempting graceful shutdown ...."}
{"level":"debug","time":"2025-02-11T17:53:52.862+0530","caller":"cmd/bin.go:339","msg":"Sending abort job signal to sentinel"}
{"level":"debug","time":"2025-02-11T17:53:52.862+0530","caller":"cmd/bin.go:345","msg":"Sending request to abort job"}
{"level":"debug","time":"2025-02-11T17:53:52.869+0530","caller":"utils/azcopy.go:131","msg":"Updating dependency version..."}
{"level":"debug","time":"2025-02-11T17:53:52.869+0530","caller":"utils/azcopy.go:143","msg":"Downloading dependency binary ..................."}
{"level":"debug","time":"2025-02-11T17:53:53.029+0530","caller":"utils/azcopy.go:100","msg":"Downloading dependency to upload files"}
{"level":"error","time":"2025-02-11T17:53:55.269+0530","caller":"utils/azcopy.go:111","msg":"2025-02-11T17:53:44+05:30    error    ERR::BIN::INV     Binary is partially Downloaded. exit status 0xc000013a    "}
{"level":"debug","time":"2025-02-11T17:53:55.269+0530","caller":"utils/azcopy.go:171","msg":"falling back to secondary download link for  azcopy"}
{"level":"debug","time":"2025-02-11T17:53:55.620+0530","caller":"utils/azcopy.go:100","msg":"Downloading dependency to upload files"}
{"level":"debug","time":"2025-02-11T17:53:56.284+0530","caller":"cmd/bin.go:354","msg":"main: telling goroutines to stop"}
{"level":"error","time":"2025-02-11T17:53:56.284+0530","caller":"utils/azcopy.go:157","msg":"2025-02-11T17:53:44+05:30    error    ERR::AZCOPY::DOWN     Unable to download azcopy. Please try downloading it from the link https://downloads.hyperexecute.cloud/hyperexecute/windows/azcopy.exe and place inside .hyperexecute directory. Make sure to check any firewall, VPN settings which might block this url.    ERR::OS::WRITE     Unable to write file. context canceled"}
{"level":"info","time":"2025-02-11T17:53:56.284+0530","caller":"storage/azure.go:153","msg":"Uploading file using azure sdk"}
{"level":"debug","time":"2025-02-11T17:53:56.286+0530","caller":"core/lifecycle.go:57","msg":"Quit requested from main goroutine...."}
{"level":"debug","time":"2025-02-11T17:53:56.287+0530","caller":"core/lifecycle.go:58","msg":"Waiting for the goroutines to exit"}
{"level":"debug","time":"2025-02-11T17:53:56.287+0530","caller":"utils/azcopy.go:131","msg":"Updating dependency version..."}
{"level":"debug","time":"2025-02-11T17:53:56.287+0530","caller":"utils/azcopy.go:143","msg":"Downloading dependency binary ..................."}
{"level":"error","time":"2025-02-11T17:53:56.320+0530","caller":"utils/azcopy.go:157","msg":"2025-02-11T17:53:44+05:30    error    ERR::AZCOPY::DOWN     Unable to download azcopy. Please try downloading it from the link https://downloads.hyperexecute.cloud/hyperexecute/windows/azcopy.exe and place inside .hyperexecute directory. Make sure to check any firewall, VPN settings which might block this url.    ERR::OS::RMV     Unable to remove the file. remove C:\\LambdaTest_Git_Repo\\HyperExecute-Playwright-Vanilla-Javascript\\.hyperexecute\\azcopy.exe: The process cannot access the file because it is being used by another process."}
{"level":"info","time":"2025-02-11T17:53:56.320+0530","caller":"storage/azure.go:153","msg":"Uploading file using azure sdk"}
{"level":"info","time":"2025-02-11T17:53:56.470+0530","caller":"storage/azure.go:177","msg":"File upload completed in 149.7886ms"}
{"level":"error","time":"2025-02-11T17:54:56.291+0530","caller":"cmd/bin.go:361","msg":"2025-02-11T17:53:44+05:30    error    ERR::TIME::OUT     Time Exceeded.    Graceful timeout exceeded. Brutally killing the application"}
{"level":"debug","time":"2025-02-11T17:55:45.946+0530","caller":"cmd/bin.go:121","msg":"cli os: windows, cli arch: amd64"}
{"level":"debug","time":"2025-02-11T17:55:46.008+0530","caller":"cmd/bin.go:130","msg":"Upstream version details: {Name:cli Min:0.2.195 Max:0.2.256} "}
{"level":"debug","time":"2025-02-11T17:55:46.327+0530","caller":"core/lifecycle.go:106","msg":"Setting environment"}
{"level":"debug","time":"2025-02-11T17:55:46.327+0530","caller":"core/lifecycle.go:109","msg":"Parsing config"}
{"level":"debug","time":"2025-02-11T17:55:46.327+0530","caller":"yamlconfigmanager/setup.go:672","msg":"Custom location for .hyperexecute.yaml specified. Using: hyperexecute.yaml"}
{"level":"debug","time":"2025-02-11T17:55:46.327+0530","caller":"yamlconfigmanager/setup.go:110","msg":"using hyperexecute config from : hyperexecute.yaml"}
{"level":"debug","time":"2025-02-11T17:55:46.414+0530","caller":"yamlconfigmanager/setup.go:1952","msg":"Autodetecting test type in files of path : C:\\LambdaTest_Git_Repo\\HyperExecute-Playwright-Vanilla-Javascript"}
{"level":"debug","time":"2025-02-11T17:55:46.414+0530","caller":"yamlconfigmanager/setup.go:1994","msg":"File in which test type is detected - C:\\LambdaTest_Git_Repo\\HyperExecute-Playwright-Vanilla-Javascript/package.json"}
{"level":"debug","time":"2025-02-11T17:55:46.414+0530","caller":"yamlconfigmanager/setup.go:1995","msg":"Pre command in which test type is detected - npx playwright install"}
{"level":"debug","time":"2025-02-11T17:55:46.414+0530","caller":"yamlconfigmanager/setup.go:480","msg":"Automatic test type detected - playwright"}
{"level":"debug","time":"2025-02-11T17:55:46.414+0530","caller":"yamlconfigmanager/setup.go:518","msg":"Tunnel: false"}
{"level":"info","time":"2025-02-11T17:55:46.414+0530","caller":"models/HypertestYamlConfig.go:742","msg":"\nExecution Plan"}
{"level":"info","time":"2025-02-11T17:55:46.415+0530","caller":"models/HypertestYamlConfig.go:543","msg":"Mode:    autosplit"}
{"level":"info","time":"2025-02-11T17:55:46.415+0530","caller":"models/HypertestYamlConfig.go:603","msg":"Runson:    win"}
{"level":"info","time":"2025-02-11T17:55:46.415+0530","caller":"models/HypertestYamlConfig.go:611","msg":"Concurrency:    2"}
{"level":"info","time":"2025-02-11T17:55:46.415+0530","caller":"models/HypertestYamlConfig.go:675","msg":"Report:    disabled"}
{"level":"info","time":"2025-02-11T17:55:46.415+0530","caller":"models/HypertestYamlConfig.go:707","msg":"Cache Directories:"}
{"level":"info","time":"2025-02-11T17:55:46.415+0530","caller":"models/HypertestYamlConfig.go:709","msg":"    node_modules"}
{"level":"info","time":"2025-02-11T17:55:46.416+0530","caller":"models/HypertestYamlConfig.go:755","msg":""}
{"level":"debug","time":"2025-02-11T17:55:46.416+0530","caller":"filevalidator/setup.go:49","msg":"Warning: Checking data.json file in current directory, no dataJsonPath found in .hyperexecute.yaml"}
{"level":"debug","time":"2025-02-11T17:55:46.416+0530","caller":"filevalidator/setup.go:53","msg":"Warning: data.json file doesn't exist"}
{"level":"info","time":"2025-02-11T17:55:46.593+0530","caller":"core/lifecycle.go:436","msg":"You've consumed 5.16 % of your limit. Free trial mins left - 284.53"}
{"level":"debug","time":"2025-02-11T17:55:46.593+0530","caller":"core/lifecycle.go:511","msg":"Job ID: ad6121bd-c365-4793-9a62-1b0959c26be1"}
{"level":"debug","time":"2025-02-11T17:55:46.593+0530","caller":"core/lifecycle.go:517","msg":"User has provided playwright as test type for the job with ID ad6121bd-c365-4793-9a62-1b0959c26be1"}
{"level":"debug","time":"2025-02-11T17:55:46.593+0530","caller":"events/manager.go:95","msg":"Starting event manager"}
{"level":"debug","time":"2025-02-11T17:55:46.593+0530","caller":"events/manager.go:97","msg":"SSE enabled, getting SSE connection"}
{"level":"debug","time":"2025-02-11T17:55:46.594+0530","caller":"archivemanager/setup.go:340","msg":"digestMap: map[]"}
{"level":"debug","time":"2025-02-11T17:55:46.594+0530","caller":"archivemanager/setup.go:346","msg":"Creating archive of target directory: C:\\LambdaTest_Git_Repo\\HyperExecute-Playwright-Vanilla-Javascript"}
{"level":"debug","time":"2025-02-11T17:55:46.618+0530","caller":"core/lifecycle.go:654","msg":"Zip file size: 208.01 kB"}
{"level":"debug","time":"2025-02-11T17:55:46.618+0530","caller":"core/lifecycle.go:664","msg":"Archive location: C:\\LambdaTest_Git_Repo\\HyperExecute-Playwright-Vanilla-Javascript\\hyperexecute-code-ad6121bd-c365-4793-9a62-1b0959c26be1.zip\n"}
{"level":"debug","time":"2025-02-11T17:55:46.635+0530","caller":"storage/azure.go:59","msg":"Payload size: 208.01 kB, source path C:\\LambdaTest_Git_Repo\\HyperExecute-Playwright-Vanilla-Javascript\\hyperexecute-code-ad6121bd-c365-4793-9a62-1b0959c26be1.zip"}
{"level":"debug","time":"2025-02-11T17:55:46.691+0530","caller":"events/manager.go:277","msg":"connection to hyperexecute server established successfully."}
{"level":"debug","time":"2025-02-11T17:55:47.283+0530","caller":"storage/azure.go:59","msg":"Payload size: 7.05 kB, source path C:\\Users\\lparate\\AppData\\Local\\Temp\\git.diff"}
{"level":"debug","time":"2025-02-11T17:55:47.979+0530","caller":"utils/azcopy.go:131","msg":"Updating dependency version..."}
{"level":"debug","time":"2025-02-11T17:55:47.979+0530","caller":"utils/azcopy.go:143","msg":"Downloading dependency binary ..................."}
{"level":"debug","time":"2025-02-11T17:55:48.022+0530","caller":"utils/azcopy.go:100","msg":"Downloading dependency to upload files"}
{"level":"info","time":"2025-02-11T17:55:56.574+0530","caller":"utils/azcopy.go:118","msg":"✔ Dependency binary downloaded successfully"}
{"level":"debug","time":"2025-02-11T17:55:56.574+0530","caller":"utils/azcopy.go:190","msg":"returning from fallback"}
{"level":"info","time":"2025-02-11T17:55:58.926+0530","caller":"storage/azure.go:114","msg":"File upload completed in 12.3074826s"}
{"level":"debug","time":"2025-02-11T17:55:58.927+0530","caller":"receptionmanager/setup.go:267","msg":"number of entries in runtimes: 0, switching to new yaml format"}
{"level":"debug","time":"2025-02-11T17:55:58.927+0530","caller":"receptionmanager/setup.go:296","msg":"number of entries in partialreports: 0, switching to new yaml format"}
{"level":"debug","time":"2025-02-11T17:55:58.928+0530","caller":"receptionmanager/setup.go:184","msg":"Uploading yaml : C:\\LambdaTest_Git_Repo\\HyperExecute-Playwright-Vanilla-Javascript\\.updatedhyperexecute.yaml"}
{"level":"debug","time":"2025-02-11T17:55:58.941+0530","caller":"storage/azure.go:59","msg":"Payload size: 3.25 kB, source path C:\\LambdaTest_Git_Repo\\HyperExecute-Playwright-Vanilla-Javascript\\.updatedhyperexecute.yaml"}
{"level":"info","time":"2025-02-11T17:56:06.964+0530","caller":"storage/azure.go:114","msg":"File upload completed in 19.681777s"}
{"level":"info","time":"2025-02-11T17:56:15.024+0530","caller":"storage/azure.go:114","msg":"File upload completed in 16.0960953s"}
{"level":"debug","time":"2025-02-11T17:56:15.025+0530","caller":"core/lifecycle.go:691","msg":"Successfully deleted code archive: C:\\LambdaTest_Git_Repo\\HyperExecute-Playwright-Vanilla-Javascript\\hyperexecute-code-ad6121bd-c365-4793-9a62-1b0959c26be1.zip\n"}
{"level":"debug","time":"2025-02-11T17:56:15.040+0530","caller":"storage/azure.go:59","msg":"Payload size: 481 B, source path mask-ad6121bd-c365-4793-9a62-1b0959c26be1.yaml"}
{"level":"info","time":"2025-02-11T17:56:25.399+0530","caller":"storage/azure.go:114","msg":"File upload completed in 10.3725858s"}
{"level":"debug","time":"2025-02-11T17:56:26.950+0530","caller":"jobmanager/sse_setup.go:194","msg":"Task id: 2fe5ed5d-9c2b-4512-b9e4-5eda5f3b55bf"}
{"level":"debug","time":"2025-02-11T17:56:26.950+0530","caller":"jobmanager/sse_setup.go:195","msg":"Sending new task alert to stage manager for taskId: 2fe5ed5d-9c2b-4512-b9e4-5eda5f3b55bf"}
{"level":"debug","time":"2025-02-11T17:56:26.950+0530","caller":"jobmanager/sse_setup.go:194","msg":"Task id: 79a1036d-7db0-4b27-89d6-861c5f025c76"}
{"level":"debug","time":"2025-02-11T17:56:26.950+0530","caller":"jobmanager/sse_setup.go:195","msg":"Sending new task alert to stage manager for taskId: 79a1036d-7db0-4b27-89d6-861c5f025c76"}
{"level":"info","time":"2025-02-11T17:56:28.093+0530","caller":"terminal/terminal.go:187","msg":"✔ [1]  cache-download (0s)\n"}
{"level":"info","time":"2025-02-11T17:56:28.136+0530","caller":"terminal/terminal.go:187","msg":"✔ [2]  cache-download (0s)\n"}
{"level":"info","time":"2025-02-11T17:56:28.725+0530","caller":"jobmanager/sse_setup.go:85","msg":"\nJob ad6121bd-c365-4793-9a62-1b0959c26be1 has started RUNNING"}
{"level":"info","time":"2025-02-11T17:56:28.725+0530","caller":"jobmanager/manager.go:142","msg":"Job Link: https://hyperexecute.lambdatest.com/hyperexecute/task?jobId=ad6121bd-c365-4793-9a62-1b0959c26be1\n"}
{"level":"info","time":"2025-02-11T17:56:58.768+0530","caller":"terminal/terminal.go:187","msg":"✔ [1]  pre (31s)\n"}
{"level":"info","time":"2025-02-11T17:56:59.055+0530","caller":"terminal/terminal.go:187","msg":"✔ [1]  discovery (0s)\n"}
{"level":"info","time":"2025-02-11T17:57:03.986+0530","caller":"terminal/terminal.go:187","msg":"✔ [2]  pre (36s)\n"}
{"level":"info","time":"2025-02-11T17:57:04.369+0530","caller":"terminal/terminal.go:187","msg":"✔ [2]  discovery (1s)\n"}
{"level":"info","time":"2025-02-11T17:57:22.474+0530","caller":"terminal/terminal.go:187","msg":"✔ [1]  tests/test_1.spec.js (21s)\n"}
{"level":"info","time":"2025-02-11T17:57:28.720+0530","caller":"terminal/terminal.go:187","msg":"✔ [2]  tests/test_2.spec.js (23s)\n"}
{"level":"info","time":"2025-02-11T17:57:37.536+0530","caller":"terminal/terminal.go:187","msg":"✔ [1]  tests/test_3.spec.js (16s)\n"}
{"level":"info","time":"2025-02-11T17:57:44.428+0530","caller":"terminal/terminal.go:187","msg":"✔ [2]  tests/test_4.spec.js (17s)\n"}
{"level":"info","time":"2025-02-11T17:57:52.736+0530","caller":"terminal/terminal.go:187","msg":"✔ [1]  tests/test_5.spec.js (16s)\n"}
{"level":"debug","time":"2025-02-11T17:57:56.101+0530","caller":"jobmanager/sse_setup.go:136","msg":"\n\nJob status"}
{"level":"debug","time":"2025-02-11T17:57:56.101+0530","caller":"core/lifecycle.go:874","msg":"Context canceled"}
{"level":"info","time":"2025-02-11T17:57:56.101+0530","caller":"core/lifecycle.go:877","msg":"Stopping pipeline gracefully"}
{"level":"info","time":"2025-02-11T17:57:56.104+0530","caller":"jobmanager/manager.go:142","msg":"Job Link: https://hyperexecute.lambdatest.com/hyperexecute/task?jobId=ad6121bd-c365-4793-9a62-1b0959c26be1\n"}
{"level":"debug","time":"2025-02-11T17:57:56.104+0530","caller":"core/lifecycle.go:57","msg":"Quit requested from main goroutine...."}
{"level":"debug","time":"2025-02-11T17:57:56.104+0530","caller":"core/lifecycle.go:58","msg":"Waiting for the goroutines to exit"}
{"level":"info","time":"2025-02-11T17:57:56.144+0530","caller":"jobmanager/JobSummaryManager.go:54","msg":"\n COMPLETED \n"}
{"level":"info","time":"2025-02-11T17:57:56.144+0530","caller":"jobmanager/JobSummaryManager.go:113","msg":"    Test Execution Time:                  43s"}
{"level":"info","time":"2025-02-11T17:57:56.144+0530","caller":"jobmanager/JobSummaryManager.go:113","msg":"    Job Duration Time:                    1m27s"}
{"level":"info","time":"2025-02-11T17:57:56.145+0530","caller":"jobmanager/JobSummaryManager.go:113","msg":"    Total Tasks:                          2"}
{"level":"info","time":"2025-02-11T17:57:56.145+0530","caller":"jobmanager/JobSummaryManager.go:113","msg":"    Cumulative Time Consumed:             2m46s"}
{"level":"info","time":"2025-02-11T17:57:56.145+0530","caller":"jobmanager/JobSummaryManager.go:113","msg":"    Total Stages:                         9"}
{"level":"info","time":"2025-02-11T17:57:56.145+0530","caller":"jobmanager/JobSummaryManager.go:113","msg":"    Pass discovery stage percentage:      100.00%"}
{"level":"info","time":"2025-02-11T17:57:56.145+0530","caller":"jobmanager/JobSummaryManager.go:113","msg":"    Failed discovery stage percentage:    0.00%"}
{"level":"info","time":"2025-02-11T17:57:56.145+0530","caller":"jobmanager/JobSummaryManager.go:113","msg":"    Pass pre stage percentage:            100.00%"}
{"level":"info","time":"2025-02-11T17:57:56.146+0530","caller":"jobmanager/JobSummaryManager.go:113","msg":"    Failed pre stage percentage:          0.00%"}
{"level":"info","time":"2025-02-11T17:57:56.146+0530","caller":"jobmanager/JobSummaryManager.go:113","msg":"    Pass test stage percentage:           100.00%"}
{"level":"info","time":"2025-02-11T17:57:56.146+0530","caller":"jobmanager/JobSummaryManager.go:113","msg":"    Failed test stage percentage:         0.00%"}
{"level":"info","time":"2025-02-11T17:57:56.146+0530","caller":"jobmanager/JobSummaryManager.go:113","msg":"    Pass post stage percentage:           0.00%"}
{"level":"info","time":"2025-02-11T17:57:56.146+0530","caller":"jobmanager/JobSummaryManager.go:113","msg":"    Failed post stage percentage:         0.00%"}
{"level":"info","time":"2025-02-11T17:57:56.146+0530","caller":"jobmanager/JobSummaryManager.go:113","msg":"    Failed Tasks:                         0"}
{"level":"info","time":"2025-02-11T17:57:56.146+0530","caller":"jobmanager/JobSummaryManager.go:58","msg":""}
{"level":"debug","time":"2025-02-11T17:58:26.120+0530","caller":"cmd/bin.go:330","msg":"main: all goroutines have finished."}
{"level":"debug","time":"2025-02-11T18:16:12.661+0530","caller":"cmd/bin.go:121","msg":"cli os: windows, cli arch: amd64"}
{"level":"debug","time":"2025-02-11T18:16:12.707+0530","caller":"cmd/bin.go:130","msg":"Upstream version details: {Name:cli Min:0.2.195 Max:0.2.256} "}
{"level":"debug","time":"2025-02-11T18:16:12.976+0530","caller":"core/lifecycle.go:106","msg":"Setting environment"}
{"level":"debug","time":"2025-02-11T18:16:12.977+0530","caller":"core/lifecycle.go:109","msg":"Parsing config"}
{"level":"debug","time":"2025-02-11T18:16:12.977+0530","caller":"yamlconfigmanager/setup.go:672","msg":"Custom location for .hyperexecute.yaml specified. Using: hyperexecute.yaml"}
{"level":"debug","time":"2025-02-11T18:16:12.977+0530","caller":"yamlconfigmanager/setup.go:110","msg":"using hyperexecute config from : hyperexecute.yaml"}
{"level":"debug","time":"2025-02-11T18:16:13.084+0530","caller":"yamlconfigmanager/setup.go:1952","msg":"Autodetecting test type in files of path : C:\\LambdaTest_Git_Repo\\HyperExecute-Playwright-Vanilla-Javascript"}
{"level":"debug","time":"2025-02-11T18:16:13.084+0530","caller":"yamlconfigmanager/setup.go:1994","msg":"File in which test type is detected - C:\\LambdaTest_Git_Repo\\HyperExecute-Playwright-Vanilla-Javascript/package.json"}
{"level":"debug","time":"2025-02-11T18:16:13.084+0530","caller":"yamlconfigmanager/setup.go:1995","msg":"Pre command in which test type is detected - npx playwright install"}
{"level":"debug","time":"2025-02-11T18:16:13.084+0530","caller":"yamlconfigmanager/setup.go:480","msg":"Automatic test type detected - playwright"}
{"level":"debug","time":"2025-02-11T18:16:13.084+0530","caller":"yamlconfigmanager/setup.go:518","msg":"Tunnel: false"}
{"level":"info","time":"2025-02-11T18:16:13.084+0530","caller":"models/HypertestYamlConfig.go:742","msg":"\nExecution Plan"}
{"level":"info","time":"2025-02-11T18:16:13.085+0530","caller":"models/HypertestYamlConfig.go:543","msg":"Mode:    autosplit"}
{"level":"info","time":"2025-02-11T18:16:13.085+0530","caller":"models/HypertestYamlConfig.go:603","msg":"Runson:    win"}
{"level":"info","time":"2025-02-11T18:16:13.085+0530","caller":"models/HypertestYamlConfig.go:611","msg":"Concurrency:    2"}
{"level":"info","time":"2025-02-11T18:16:13.085+0530","caller":"models/HypertestYamlConfig.go:675","msg":"Report:    disabled"}
{"level":"info","time":"2025-02-11T18:16:13.086+0530","caller":"models/HypertestYamlConfig.go:707","msg":"Cache Directories:"}
{"level":"info","time":"2025-02-11T18:16:13.086+0530","caller":"models/HypertestYamlConfig.go:709","msg":"    node_modules"}
{"level":"info","time":"2025-02-11T18:16:13.086+0530","caller":"models/HypertestYamlConfig.go:755","msg":""}
{"level":"debug","time":"2025-02-11T18:16:13.086+0530","caller":"filevalidator/setup.go:49","msg":"Warning: Checking data.json file in current directory, no dataJsonPath found in .hyperexecute.yaml"}
{"level":"debug","time":"2025-02-11T18:16:13.086+0530","caller":"filevalidator/setup.go:53","msg":"Warning: data.json file doesn't exist"}
{"level":"info","time":"2025-02-11T18:16:13.328+0530","caller":"core/lifecycle.go:436","msg":"You've consumed 6.09 % of your limit. Free trial mins left - 281.73"}
{"level":"debug","time":"2025-02-11T18:16:13.328+0530","caller":"core/lifecycle.go:511","msg":"Job ID: 0759e551-951d-407f-9383-67bc6cc91f56"}
{"level":"debug","time":"2025-02-11T18:16:13.328+0530","caller":"core/lifecycle.go:517","msg":"User has provided playwright as test type for the job with ID 0759e551-951d-407f-9383-67bc6cc91f56"}
{"level":"debug","time":"2025-02-11T18:16:13.328+0530","caller":"events/manager.go:95","msg":"Starting event manager"}
{"level":"debug","time":"2025-02-11T18:16:13.330+0530","caller":"events/manager.go:97","msg":"SSE enabled, getting SSE connection"}
{"level":"debug","time":"2025-02-11T18:16:13.331+0530","caller":"archivemanager/setup.go:340","msg":"digestMap: map[]"}
{"level":"debug","time":"2025-02-11T18:16:13.331+0530","caller":"archivemanager/setup.go:346","msg":"Creating archive of target directory: C:\\LambdaTest_Git_Repo\\HyperExecute-Playwright-Vanilla-Javascript"}
{"level":"debug","time":"2025-02-11T18:16:13.350+0530","caller":"core/lifecycle.go:654","msg":"Zip file size: 204.71 kB"}
{"level":"debug","time":"2025-02-11T18:16:13.350+0530","caller":"core/lifecycle.go:664","msg":"Archive location: C:\\LambdaTest_Git_Repo\\HyperExecute-Playwright-Vanilla-Javascript\\hyperexecute-code-0759e551-951d-407f-9383-67bc6cc91f56.zip\n"}
{"level":"debug","time":"2025-02-11T18:16:13.368+0530","caller":"storage/azure.go:59","msg":"Payload size: 204.71 kB, source path C:\\LambdaTest_Git_Repo\\HyperExecute-Playwright-Vanilla-Javascript\\hyperexecute-code-0759e551-951d-407f-9383-67bc6cc91f56.zip"}
{"level":"debug","time":"2025-02-11T18:16:13.519+0530","caller":"events/manager.go:277","msg":"connection to hyperexecute server established successfully."}
{"level":"debug","time":"2025-02-11T18:16:13.980+0530","caller":"storage/azure.go:59","msg":"Payload size: 11.72 kB, source path C:\\Users\\lparate\\AppData\\Local\\Temp\\git.diff"}
{"level":"info","time":"2025-02-11T18:16:23.778+0530","caller":"storage/azure.go:114","msg":"File upload completed in 10.428692s"}
{"level":"debug","time":"2025-02-11T18:16:23.779+0530","caller":"receptionmanager/setup.go:267","msg":"number of entries in runtimes: 0, switching to new yaml format"}
{"level":"debug","time":"2025-02-11T18:16:23.779+0530","caller":"receptionmanager/setup.go:296","msg":"number of entries in partialreports: 0, switching to new yaml format"}
{"level":"debug","time":"2025-02-11T18:16:23.779+0530","caller":"receptionmanager/setup.go:184","msg":"Uploading yaml : C:\\LambdaTest_Git_Repo\\HyperExecute-Playwright-Vanilla-Javascript\\.updatedhyperexecute.yaml"}
{"level":"debug","time":"2025-02-11T18:16:23.800+0530","caller":"storage/azure.go:59","msg":"Payload size: 3.25 kB, source path C:\\LambdaTest_Git_Repo\\HyperExecute-Playwright-Vanilla-Javascript\\.updatedhyperexecute.yaml"}
{"level":"info","time":"2025-02-11T18:16:31.831+0530","caller":"storage/azure.go:114","msg":"File upload completed in 17.8696987s"}
{"level":"info","time":"2025-02-11T18:16:39.914+0530","caller":"storage/azure.go:114","msg":"File upload completed in 16.1338837s"}
{"level":"debug","time":"2025-02-11T18:16:39.915+0530","caller":"core/lifecycle.go:691","msg":"Successfully deleted code archive: C:\\LambdaTest_Git_Repo\\HyperExecute-Playwright-Vanilla-Javascript\\hyperexecute-code-0759e551-951d-407f-9383-67bc6cc91f56.zip\n"}
{"level":"debug","time":"2025-02-11T18:16:39.918+0530","caller":"storage/azure.go:59","msg":"Payload size: 481 B, source path mask-0759e551-951d-407f-9383-67bc6cc91f56.yaml"}
{"level":"info","time":"2025-02-11T18:16:50.287+0530","caller":"storage/azure.go:114","msg":"File upload completed in 10.3710004s"}
{"level":"debug","time":"2025-02-11T18:16:51.646+0530","caller":"jobmanager/sse_setup.go:194","msg":"Task id: f12c1680-469e-4017-9b96-f9095e7c537e"}
{"level":"debug","time":"2025-02-11T18:16:51.646+0530","caller":"jobmanager/sse_setup.go:195","msg":"Sending new task alert to stage manager for taskId: f12c1680-469e-4017-9b96-f9095e7c537e"}
{"level":"debug","time":"2025-02-11T18:16:51.646+0530","caller":"jobmanager/sse_setup.go:194","msg":"Task id: f5e427cb-228f-45ba-bffd-fa8d7057595b"}
{"level":"debug","time":"2025-02-11T18:16:51.646+0530","caller":"jobmanager/sse_setup.go:195","msg":"Sending new task alert to stage manager for taskId: f5e427cb-228f-45ba-bffd-fa8d7057595b"}
{"level":"info","time":"2025-02-11T18:16:52.844+0530","caller":"terminal/terminal.go:187","msg":"✔ [1]  cache-download (1s)\n"}
{"level":"info","time":"2025-02-11T18:16:52.930+0530","caller":"terminal/terminal.go:187","msg":"✔ [2]  cache-download (1s)\n"}
{"level":"info","time":"2025-02-11T18:16:53.485+0530","caller":"jobmanager/sse_setup.go:85","msg":"\nJob 0759e551-951d-407f-9383-67bc6cc91f56 has started RUNNING"}
{"level":"info","time":"2025-02-11T18:16:53.485+0530","caller":"jobmanager/manager.go:142","msg":"Job Link: https://hyperexecute.lambdatest.com/hyperexecute/task?jobId=0759e551-951d-407f-9383-67bc6cc91f56\n"}
{"level":"info","time":"2025-02-11T18:17:24.246+0530","caller":"terminal/terminal.go:187","msg":"✔ [1]  pre (31s)\n"}
{"level":"info","time":"2025-02-11T18:17:24.556+0530","caller":"terminal/terminal.go:187","msg":"✔ [1]  discovery (1s)\n"}
{"level":"info","time":"2025-02-11T18:17:24.736+0530","caller":"terminal/terminal.go:187","msg":"✔ [2]  pre (32s)\n"}
{"level":"info","time":"2025-02-11T18:17:24.963+0530","caller":"terminal/terminal.go:187","msg":"✔ [2]  discovery (0s)\n"}
{"level":"info","time":"2025-02-11T18:17:47.982+0530","caller":"terminal/terminal.go:187","msg":"✔ [1]  tests/myTest_5.spec.js (20s)\n"}
{"level":"debug","time":"2025-02-11T18:17:51.505+0530","caller":"jobmanager/sse_setup.go:136","msg":"\n\nJob status"}
{"level":"debug","time":"2025-02-11T18:17:51.505+0530","caller":"core/lifecycle.go:874","msg":"Context canceled"}
{"level":"info","time":"2025-02-11T18:17:51.505+0530","caller":"core/lifecycle.go:877","msg":"Stopping pipeline gracefully"}
{"level":"info","time":"2025-02-11T18:17:51.505+0530","caller":"jobmanager/manager.go:142","msg":"Job Link: https://hyperexecute.lambdatest.com/hyperexecute/task?jobId=0759e551-951d-407f-9383-67bc6cc91f56\n"}
{"level":"debug","time":"2025-02-11T18:17:51.506+0530","caller":"core/lifecycle.go:57","msg":"Quit requested from main goroutine...."}
{"level":"debug","time":"2025-02-11T18:17:51.506+0530","caller":"core/lifecycle.go:58","msg":"Waiting for the goroutines to exit"}
{"level":"info","time":"2025-02-11T18:17:51.544+0530","caller":"jobmanager/JobSummaryManager.go:54","msg":"\n COMPLETED \n"}
{"level":"info","time":"2025-02-11T18:17:51.544+0530","caller":"jobmanager/JobSummaryManager.go:113","msg":"    Test Execution Time:                  11s"}
{"level":"info","time":"2025-02-11T18:17:51.545+0530","caller":"jobmanager/JobSummaryManager.go:113","msg":"    Job Duration Time:                    58s"}
{"level":"info","time":"2025-02-11T18:17:51.545+0530","caller":"jobmanager/JobSummaryManager.go:113","msg":"    Total Tasks:                          2"}
{"level":"info","time":"2025-02-11T18:17:51.545+0530","caller":"jobmanager/JobSummaryManager.go:113","msg":"    Cumulative Time Consumed:             1m31s"}
{"level":"info","time":"2025-02-11T18:17:51.545+0530","caller":"jobmanager/JobSummaryManager.go:113","msg":"    Total Stages:                         5"}
{"level":"info","time":"2025-02-11T18:17:51.545+0530","caller":"jobmanager/JobSummaryManager.go:113","msg":"    Pass discovery stage percentage:      100.00%"}
{"level":"info","time":"2025-02-11T18:17:51.545+0530","caller":"jobmanager/JobSummaryManager.go:113","msg":"    Failed discovery stage percentage:    0.00%"}
{"level":"info","time":"2025-02-11T18:17:51.546+0530","caller":"jobmanager/JobSummaryManager.go:113","msg":"    Pass pre stage percentage:            100.00%"}
{"level":"info","time":"2025-02-11T18:17:51.546+0530","caller":"jobmanager/JobSummaryManager.go:113","msg":"    Failed pre stage percentage:          0.00%"}
{"level":"info","time":"2025-02-11T18:17:51.546+0530","caller":"jobmanager/JobSummaryManager.go:113","msg":"    Pass test stage percentage:           100.00%"}
{"level":"info","time":"2025-02-11T18:17:51.546+0530","caller":"jobmanager/JobSummaryManager.go:113","msg":"    Failed test stage percentage:         0.00%"}
{"level":"info","time":"2025-02-11T18:17:51.546+0530","caller":"jobmanager/JobSummaryManager.go:113","msg":"    Pass post stage percentage:           0.00%"}
{"level":"info","time":"2025-02-11T18:17:51.546+0530","caller":"jobmanager/JobSummaryManager.go:113","msg":"    Failed post stage percentage:         0.00%"}
{"level":"info","time":"2025-02-11T18:17:51.546+0530","caller":"jobmanager/JobSummaryManager.go:113","msg":"    Failed Tasks:                         0"}
{"level":"info","time":"2025-02-11T18:17:51.547+0530","caller":"jobmanager/JobSummaryManager.go:58","msg":""}
{"level":"debug","time":"2025-02-11T18:18:21.510+0530","caller":"cmd/bin.go:330","msg":"main: all goroutines have finished."}
{"level":"debug","time":"2025-02-11T18:35:43.584+0530","caller":"cmd/bin.go:121","msg":"cli os: windows, cli arch: amd64"}
{"level":"debug","time":"2025-02-11T18:35:43.633+0530","caller":"cmd/bin.go:130","msg":"Upstream version details: {Name:cli Min:0.2.195 Max:0.2.256} "}
{"level":"debug","time":"2025-02-11T18:35:43.894+0530","caller":"core/lifecycle.go:106","msg":"Setting environment"}
{"level":"debug","time":"2025-02-11T18:35:43.896+0530","caller":"core/lifecycle.go:109","msg":"Parsing config"}
{"level":"debug","time":"2025-02-11T18:35:43.896+0530","caller":"yamlconfigmanager/setup.go:672","msg":"Custom location for .hyperexecute.yaml specified. Using: hyperexecute.yaml"}
{"level":"debug","time":"2025-02-11T18:35:43.896+0530","caller":"yamlconfigmanager/setup.go:110","msg":"using hyperexecute config from : hyperexecute.yaml"}
{"level":"debug","time":"2025-02-11T18:35:43.986+0530","caller":"yamlconfigmanager/setup.go:1952","msg":"Autodetecting test type in files of path : C:\\LambdaTest_Git_Repo\\HyperExecute-Playwright-Vanilla-Javascript"}
{"level":"debug","time":"2025-02-11T18:35:43.986+0530","caller":"yamlconfigmanager/setup.go:1994","msg":"File in which test type is detected - C:\\LambdaTest_Git_Repo\\HyperExecute-Playwright-Vanilla-Javascript/package.json"}
{"level":"debug","time":"2025-02-11T18:35:43.986+0530","caller":"yamlconfigmanager/setup.go:1995","msg":"Pre command in which test type is detected - npx playwright install"}
{"level":"debug","time":"2025-02-11T18:35:43.986+0530","caller":"yamlconfigmanager/setup.go:480","msg":"Automatic test type detected - playwright"}
{"level":"debug","time":"2025-02-11T18:35:43.986+0530","caller":"yamlconfigmanager/setup.go:518","msg":"Tunnel: false"}
{"level":"info","time":"2025-02-11T18:35:43.987+0530","caller":"models/HypertestYamlConfig.go:742","msg":"\nExecution Plan"}
{"level":"info","time":"2025-02-11T18:35:43.987+0530","caller":"models/HypertestYamlConfig.go:543","msg":"Mode:    autosplit"}
{"level":"info","time":"2025-02-11T18:35:43.987+0530","caller":"models/HypertestYamlConfig.go:603","msg":"Runson:    win"}
{"level":"info","time":"2025-02-11T18:35:43.987+0530","caller":"models/HypertestYamlConfig.go:611","msg":"Concurrency:    2"}
{"level":"info","time":"2025-02-11T18:35:43.987+0530","caller":"models/HypertestYamlConfig.go:675","msg":"Report:    disabled"}
{"level":"info","time":"2025-02-11T18:35:43.988+0530","caller":"models/HypertestYamlConfig.go:707","msg":"Cache Directories:"}
{"level":"info","time":"2025-02-11T18:35:43.988+0530","caller":"models/HypertestYamlConfig.go:709","msg":"    node_modules"}
{"level":"info","time":"2025-02-11T18:35:43.988+0530","caller":"models/HypertestYamlConfig.go:755","msg":""}
{"level":"debug","time":"2025-02-11T18:35:43.988+0530","caller":"filevalidator/setup.go:49","msg":"Warning: Checking data.json file in current directory, no dataJsonPath found in .hyperexecute.yaml"}
{"level":"debug","time":"2025-02-11T18:35:43.988+0530","caller":"filevalidator/setup.go:53","msg":"Warning: data.json file doesn't exist"}
{"level":"info","time":"2025-02-11T18:35:44.136+0530","caller":"core/lifecycle.go:436","msg":"You've consumed 6.60 % of your limit. Free trial mins left - 280.21"}
{"level":"debug","time":"2025-02-11T18:35:44.136+0530","caller":"core/lifecycle.go:511","msg":"Job ID: 7530576e-7c0e-499a-9895-cea0de3e5a15"}
{"level":"debug","time":"2025-02-11T18:35:44.136+0530","caller":"core/lifecycle.go:517","msg":"User has provided playwright as test type for the job with ID 7530576e-7c0e-499a-9895-cea0de3e5a15"}
{"level":"debug","time":"2025-02-11T18:35:44.136+0530","caller":"events/manager.go:95","msg":"Starting event manager"}
{"level":"debug","time":"2025-02-11T18:35:44.136+0530","caller":"events/manager.go:97","msg":"SSE enabled, getting SSE connection"}
{"level":"debug","time":"2025-02-11T18:35:44.137+0530","caller":"archivemanager/setup.go:340","msg":"digestMap: map[]"}
{"level":"debug","time":"2025-02-11T18:35:44.137+0530","caller":"archivemanager/setup.go:346","msg":"Creating archive of target directory: C:\\LambdaTest_Git_Repo\\HyperExecute-Playwright-Vanilla-Javascript"}
{"level":"debug","time":"2025-02-11T18:35:44.197+0530","caller":"core/lifecycle.go:654","msg":"Zip file size: 206.39 kB"}
{"level":"debug","time":"2025-02-11T18:35:44.197+0530","caller":"core/lifecycle.go:664","msg":"Archive location: C:\\LambdaTest_Git_Repo\\HyperExecute-Playwright-Vanilla-Javascript\\hyperexecute-code-7530576e-7c0e-499a-9895-cea0de3e5a15.zip\n"}
{"level":"debug","time":"2025-02-11T18:35:44.216+0530","caller":"storage/azure.go:59","msg":"Payload size: 206.39 kB, source path C:\\LambdaTest_Git_Repo\\HyperExecute-Playwright-Vanilla-Javascript\\hyperexecute-code-7530576e-7c0e-499a-9895-cea0de3e5a15.zip"}
{"level":"debug","time":"2025-02-11T18:35:44.331+0530","caller":"events/manager.go:277","msg":"connection to hyperexecute server established successfully."}
{"level":"debug","time":"2025-02-11T18:35:44.801+0530","caller":"storage/azure.go:59","msg":"Payload size: 120.16 kB, source path C:\\Users\\lparate\\AppData\\Local\\Temp\\git.diff"}
{"level":"info","time":"2025-02-11T18:35:54.677+0530","caller":"storage/azure.go:114","msg":"File upload completed in 10.4795672s"}
{"level":"debug","time":"2025-02-11T18:35:54.678+0530","caller":"receptionmanager/setup.go:267","msg":"number of entries in runtimes: 0, switching to new yaml format"}
{"level":"debug","time":"2025-02-11T18:35:54.678+0530","caller":"receptionmanager/setup.go:296","msg":"number of entries in partialreports: 0, switching to new yaml format"}
{"level":"debug","time":"2025-02-11T18:35:54.679+0530","caller":"receptionmanager/setup.go:184","msg":"Uploading yaml : C:\\LambdaTest_Git_Repo\\HyperExecute-Playwright-Vanilla-Javascript\\.updatedhyperexecute.yaml"}
{"level":"debug","time":"2025-02-11T18:35:54.694+0530","caller":"storage/azure.go:59","msg":"Payload size: 3.25 kB, source path C:\\LambdaTest_Git_Repo\\HyperExecute-Playwright-Vanilla-Javascript\\.updatedhyperexecute.yaml"}
{"level":"info","time":"2025-02-11T18:36:02.734+0530","caller":"storage/azure.go:114","msg":"File upload completed in 17.9560115s"}
{"level":"info","time":"2025-02-11T18:36:10.755+0530","caller":"storage/azure.go:114","msg":"File upload completed in 16.0759069s"}
{"level":"debug","time":"2025-02-11T18:36:10.756+0530","caller":"core/lifecycle.go:691","msg":"Successfully deleted code archive: C:\\LambdaTest_Git_Repo\\HyperExecute-Playwright-Vanilla-Javascript\\hyperexecute-code-7530576e-7c0e-499a-9895-cea0de3e5a15.zip\n"}
{"level":"debug","time":"2025-02-11T18:36:10.787+0530","caller":"storage/azure.go:59","msg":"Payload size: 481 B, source path mask-7530576e-7c0e-499a-9895-cea0de3e5a15.yaml"}
{"level":"info","time":"2025-02-11T18:36:21.156+0530","caller":"storage/azure.go:114","msg":"File upload completed in 10.3835356s"}
{"level":"debug","time":"2025-02-11T18:36:22.537+0530","caller":"jobmanager/sse_setup.go:194","msg":"Task id: ad68bf98-6e00-4374-b457-678f4d199007"}
{"level":"debug","time":"2025-02-11T18:36:22.537+0530","caller":"jobmanager/sse_setup.go:195","msg":"Sending new task alert to stage manager for taskId: ad68bf98-6e00-4374-b457-678f4d199007"}
{"level":"debug","time":"2025-02-11T18:36:22.537+0530","caller":"jobmanager/sse_setup.go:194","msg":"Task id: 87a793ae-7bbd-4212-a7f8-585d9d8a304f"}
{"level":"debug","time":"2025-02-11T18:36:22.537+0530","caller":"jobmanager/sse_setup.go:195","msg":"Sending new task alert to stage manager for taskId: 87a793ae-7bbd-4212-a7f8-585d9d8a304f"}
{"level":"info","time":"2025-02-11T18:36:24.281+0530","caller":"jobmanager/sse_setup.go:85","msg":"\nJob 7530576e-7c0e-499a-9895-cea0de3e5a15 has started RUNNING"}
{"level":"info","time":"2025-02-11T18:36:24.281+0530","caller":"jobmanager/manager.go:142","msg":"Job Link: https://hyperexecute.lambdatest.com/hyperexecute/task?jobId=7530576e-7c0e-499a-9895-cea0de3e5a15\n"}
{"level":"info","time":"2025-02-11T18:36:24.319+0530","caller":"terminal/terminal.go:187","msg":"✔ [2]  cache-download (1s)\n"}
{"level":"info","time":"2025-02-11T18:36:24.507+0530","caller":"terminal/terminal.go:187","msg":"✔ [1]  cache-download (2s)\n"}
{"level":"info","time":"2025-02-11T18:36:52.345+0530","caller":"terminal/terminal.go:187","msg":"✔ [1]  pre (29s)\n"}
{"level":"info","time":"2025-02-11T18:36:52.957+0530","caller":"terminal/terminal.go:187","msg":"✔ [1]  discovery (1s)\n"}
{"level":"info","time":"2025-02-11T18:36:53.931+0530","caller":"terminal/terminal.go:187","msg":"✔ [2]  pre (30s)\n"}
{"level":"info","time":"2025-02-11T18:36:54.202+0530","caller":"terminal/terminal.go:187","msg":"✔ [2]  discovery (0s)\n"}
{"level":"info","time":"2025-02-11T18:37:17.124+0530","caller":"terminal/terminal.go:187","msg":"✔ [1]  tests/myTest_5.spec.js (23s)\n"}
{"level":"debug","time":"2025-02-11T18:37:18.478+0530","caller":"jobmanager/sse_setup.go:136","msg":"\n\nJob status"}
{"level":"debug","time":"2025-02-11T18:37:18.478+0530","caller":"core/lifecycle.go:874","msg":"Context canceled"}
{"level":"info","time":"2025-02-11T18:37:18.478+0530","caller":"core/lifecycle.go:877","msg":"Stopping pipeline gracefully"}
{"level":"info","time":"2025-02-11T18:37:18.478+0530","caller":"jobmanager/manager.go:142","msg":"Job Link: https://hyperexecute.lambdatest.com/hyperexecute/task?jobId=7530576e-7c0e-499a-9895-cea0de3e5a15\n"}
{"level":"debug","time":"2025-02-11T18:37:18.478+0530","caller":"core/lifecycle.go:57","msg":"Quit requested from main goroutine...."}
{"level":"debug","time":"2025-02-11T18:37:18.478+0530","caller":"core/lifecycle.go:58","msg":"Waiting for the goroutines to exit"}
{"level":"info","time":"2025-02-11T18:37:18.524+0530","caller":"jobmanager/JobSummaryManager.go:54","msg":"\n PARTIALLY COMPLETED \n"}
{"level":"info","time":"2025-02-11T18:37:18.524+0530","caller":"jobmanager/JobSummaryManager.go:113","msg":"    Test Execution Time:                  23s"}
{"level":"info","time":"2025-02-11T18:37:18.524+0530","caller":"jobmanager/JobSummaryManager.go:113","msg":"    Job Duration Time:                    54s"}
{"level":"info","time":"2025-02-11T18:37:18.524+0530","caller":"jobmanager/JobSummaryManager.go:113","msg":"    Total Tasks:                          2"}
{"level":"info","time":"2025-02-11T18:37:18.524+0530","caller":"jobmanager/JobSummaryManager.go:113","msg":"    Cumulative Time Consumed:             1m25s"}
{"level":"info","time":"2025-02-11T18:37:18.525+0530","caller":"jobmanager/JobSummaryManager.go:113","msg":"    Total Stages:                         5"}
{"level":"info","time":"2025-02-11T18:37:18.525+0530","caller":"jobmanager/JobSummaryManager.go:113","msg":"    Pass discovery stage percentage:      100.00%"}
{"level":"info","time":"2025-02-11T18:37:18.525+0530","caller":"jobmanager/JobSummaryManager.go:113","msg":"    Failed discovery stage percentage:    0.00%"}
{"level":"info","time":"2025-02-11T18:37:18.525+0530","caller":"jobmanager/JobSummaryManager.go:113","msg":"    Pass pre stage percentage:            100.00%"}
{"level":"info","time":"2025-02-11T18:37:18.525+0530","caller":"jobmanager/JobSummaryManager.go:113","msg":"    Failed pre stage percentage:          0.00%"}
{"level":"info","time":"2025-02-11T18:37:18.525+0530","caller":"jobmanager/JobSummaryManager.go:113","msg":"    Pass test stage percentage:           100.00%"}
{"level":"info","time":"2025-02-11T18:37:18.525+0530","caller":"jobmanager/JobSummaryManager.go:113","msg":"    Failed test stage percentage:         0.00%"}
{"level":"info","time":"2025-02-11T18:37:18.526+0530","caller":"jobmanager/JobSummaryManager.go:113","msg":"    Pass post stage percentage:           0.00%"}
{"level":"info","time":"2025-02-11T18:37:18.526+0530","caller":"jobmanager/JobSummaryManager.go:113","msg":"    Failed post stage percentage:         0.00%"}
{"level":"info","time":"2025-02-11T18:37:18.526+0530","caller":"jobmanager/JobSummaryManager.go:113","msg":"    Failed Tasks:                         0"}
{"level":"info","time":"2025-02-11T18:37:18.526+0530","caller":"jobmanager/JobSummaryManager.go:58","msg":""}
{"level":"debug","time":"2025-02-11T18:37:48.479+0530","caller":"cmd/bin.go:330","msg":"main: all goroutines have finished."}
{"level":"debug","time":"2025-02-11T23:43:04.927+0530","caller":"cmd/bin.go:121","msg":"cli os: windows, cli arch: amd64"}
{"level":"debug","time":"2025-02-11T23:43:04.989+0530","caller":"cmd/bin.go:130","msg":"Upstream version details: {Name:cli Min:0.2.195 Max:0.2.256} "}
{"level":"debug","time":"2025-02-11T23:43:05.307+0530","caller":"core/lifecycle.go:106","msg":"Setting environment"}
{"level":"debug","time":"2025-02-11T23:43:05.307+0530","caller":"core/lifecycle.go:109","msg":"Parsing config"}
{"level":"debug","time":"2025-02-11T23:43:05.307+0530","caller":"yamlconfigmanager/setup.go:672","msg":"Custom location for .hyperexecute.yaml specified. Using: hyperexecute.yaml"}
{"level":"debug","time":"2025-02-11T23:43:05.307+0530","caller":"yamlconfigmanager/setup.go:110","msg":"using hyperexecute config from : hyperexecute.yaml"}
{"level":"debug","time":"2025-02-11T23:43:05.410+0530","caller":"yamlconfigmanager/setup.go:1952","msg":"Autodetecting test type in files of path : C:\\LambdaTest_Git_Repo\\HyperExecute-Playwright-Vanilla-Javascript"}
{"level":"debug","time":"2025-02-11T23:43:05.410+0530","caller":"yamlconfigmanager/setup.go:1994","msg":"File in which test type is detected - C:\\LambdaTest_Git_Repo\\HyperExecute-Playwright-Vanilla-Javascript/package.json"}
{"level":"debug","time":"2025-02-11T23:43:05.410+0530","caller":"yamlconfigmanager/setup.go:1995","msg":"Pre command in which test type is detected - npx playwright install"}
{"level":"debug","time":"2025-02-11T23:43:05.410+0530","caller":"yamlconfigmanager/setup.go:480","msg":"Automatic test type detected - playwright"}
{"level":"debug","time":"2025-02-11T23:43:05.410+0530","caller":"yamlconfigmanager/setup.go:518","msg":"Tunnel: false"}
{"level":"info","time":"2025-02-11T23:43:05.410+0530","caller":"models/HypertestYamlConfig.go:742","msg":"\nExecution Plan"}
{"level":"info","time":"2025-02-11T23:43:05.412+0530","caller":"models/HypertestYamlConfig.go:543","msg":"Mode:    autosplit"}
{"level":"info","time":"2025-02-11T23:43:05.412+0530","caller":"models/HypertestYamlConfig.go:603","msg":"Runson:    win"}
{"level":"info","time":"2025-02-11T23:43:05.412+0530","caller":"models/HypertestYamlConfig.go:611","msg":"Concurrency:    2"}
{"level":"info","time":"2025-02-11T23:43:05.412+0530","caller":"models/HypertestYamlConfig.go:675","msg":"Report:    disabled"}
{"level":"info","time":"2025-02-11T23:43:05.413+0530","caller":"models/HypertestYamlConfig.go:707","msg":"Cache Directories:"}
{"level":"info","time":"2025-02-11T23:43:05.413+0530","caller":"models/HypertestYamlConfig.go:709","msg":"    node_modules"}
{"level":"info","time":"2025-02-11T23:43:05.413+0530","caller":"models/HypertestYamlConfig.go:755","msg":""}
{"level":"debug","time":"2025-02-11T23:43:05.413+0530","caller":"filevalidator/setup.go:49","msg":"Warning: Checking data.json file in current directory, no dataJsonPath found in .hyperexecute.yaml"}
{"level":"debug","time":"2025-02-11T23:43:05.413+0530","caller":"filevalidator/setup.go:53","msg":"Warning: data.json file doesn't exist"}
{"level":"info","time":"2025-02-11T23:43:05.678+0530","caller":"core/lifecycle.go:436","msg":"You've consumed 7.08 % of your limit. Free trial mins left - 278.77"}
{"level":"debug","time":"2025-02-11T23:43:05.678+0530","caller":"core/lifecycle.go:511","msg":"Job ID: 132eb011-8244-4b3f-a915-bcfaff7919e9"}
{"level":"debug","time":"2025-02-11T23:43:05.678+0530","caller":"core/lifecycle.go:517","msg":"User has provided playwright as test type for the job with ID 132eb011-8244-4b3f-a915-bcfaff7919e9"}
{"level":"debug","time":"2025-02-11T23:43:05.678+0530","caller":"events/manager.go:95","msg":"Starting event manager"}
{"level":"debug","time":"2025-02-11T23:43:05.678+0530","caller":"events/manager.go:97","msg":"SSE enabled, getting SSE connection"}
{"level":"debug","time":"2025-02-11T23:43:05.679+0530","caller":"archivemanager/setup.go:340","msg":"digestMap: map[]"}
{"level":"debug","time":"2025-02-11T23:43:05.679+0530","caller":"archivemanager/setup.go:346","msg":"Creating archive of target directory: C:\\LambdaTest_Git_Repo\\HyperExecute-Playwright-Vanilla-Javascript"}
{"level":"debug","time":"2025-02-11T23:43:05.914+0530","caller":"core/lifecycle.go:654","msg":"Zip file size: 207.21 kB"}
{"level":"debug","time":"2025-02-11T23:43:05.915+0530","caller":"core/lifecycle.go:664","msg":"Archive location: C:\\LambdaTest_Git_Repo\\HyperExecute-Playwright-Vanilla-Javascript\\hyperexecute-code-132eb011-8244-4b3f-a915-bcfaff7919e9.zip\n"}
{"level":"debug","time":"2025-02-11T23:43:05.934+0530","caller":"storage/azure.go:59","msg":"Payload size: 207.21 kB, source path C:\\LambdaTest_Git_Repo\\HyperExecute-Playwright-Vanilla-Javascript\\hyperexecute-code-132eb011-8244-4b3f-a915-bcfaff7919e9.zip"}
{"level":"debug","time":"2025-02-11T23:43:05.937+0530","caller":"events/manager.go:277","msg":"connection to hyperexecute server established successfully."}
{"level":"debug","time":"2025-02-11T23:43:06.351+0530","caller":"storage/azure.go:59","msg":"Payload size: 120.25 kB, source path C:\\Users\\lparate\\AppData\\Local\\Temp\\git.diff"}
{"level":"info","time":"2025-02-11T23:43:16.365+0530","caller":"storage/azure.go:114","msg":"File upload completed in 10.4484621s"}
{"level":"debug","time":"2025-02-11T23:43:16.366+0530","caller":"receptionmanager/setup.go:267","msg":"number of entries in runtimes: 0, switching to new yaml format"}
{"level":"debug","time":"2025-02-11T23:43:16.366+0530","caller":"receptionmanager/setup.go:296","msg":"number of entries in partialreports: 0, switching to new yaml format"}
{"level":"debug","time":"2025-02-11T23:43:16.366+0530","caller":"receptionmanager/setup.go:184","msg":"Uploading yaml : C:\\LambdaTest_Git_Repo\\HyperExecute-Playwright-Vanilla-Javascript\\.updatedhyperexecute.yaml"}
{"level":"debug","time":"2025-02-11T23:43:16.379+0530","caller":"storage/azure.go:59","msg":"Payload size: 3.25 kB, source path C:\\LambdaTest_Git_Repo\\HyperExecute-Playwright-Vanilla-Javascript\\.updatedhyperexecute.yaml"}
{"level":"info","time":"2025-02-11T23:43:24.399+0530","caller":"storage/azure.go:114","msg":"File upload completed in 18.0714595s"}
{"level":"info","time":"2025-02-11T23:43:32.484+0530","caller":"storage/azure.go:114","msg":"File upload completed in 16.1177222s"}
{"level":"debug","time":"2025-02-11T23:43:32.485+0530","caller":"core/lifecycle.go:691","msg":"Successfully deleted code archive: C:\\LambdaTest_Git_Repo\\HyperExecute-Playwright-Vanilla-Javascript\\hyperexecute-code-132eb011-8244-4b3f-a915-bcfaff7919e9.zip\n"}
{"level":"debug","time":"2025-02-11T23:43:32.498+0530","caller":"storage/azure.go:59","msg":"Payload size: 481 B, source path mask-132eb011-8244-4b3f-a915-bcfaff7919e9.yaml"}
{"level":"info","time":"2025-02-11T23:43:42.853+0530","caller":"storage/azure.go:114","msg":"File upload completed in 10.3668858s"}
{"level":"debug","time":"2025-02-11T23:43:44.250+0530","caller":"jobmanager/sse_setup.go:194","msg":"Task id: 165cabfc-88c1-47fb-88fe-6cadcc4a1a41"}
{"level":"debug","time":"2025-02-11T23:43:44.250+0530","caller":"jobmanager/sse_setup.go:195","msg":"Sending new task alert to stage manager for taskId: 165cabfc-88c1-47fb-88fe-6cadcc4a1a41"}
{"level":"debug","time":"2025-02-11T23:43:44.250+0530","caller":"jobmanager/sse_setup.go:194","msg":"Task id: 2d1a5429-f0c9-45ce-89f3-c51c3832bb01"}
{"level":"debug","time":"2025-02-11T23:43:44.250+0530","caller":"jobmanager/sse_setup.go:195","msg":"Sending new task alert to stage manager for taskId: 2d1a5429-f0c9-45ce-89f3-c51c3832bb01"}
{"level":"info","time":"2025-02-11T23:43:46.203+0530","caller":"jobmanager/sse_setup.go:85","msg":"\nJob 132eb011-8244-4b3f-a915-bcfaff7919e9 has started RUNNING"}
{"level":"info","time":"2025-02-11T23:43:46.203+0530","caller":"jobmanager/manager.go:142","msg":"Job Link: https://hyperexecute.lambdatest.com/hyperexecute/task?jobId=132eb011-8244-4b3f-a915-bcfaff7919e9\n"}
{"level":"info","time":"2025-02-11T23:43:46.369+0530","caller":"terminal/terminal.go:187","msg":"✔ [1]  cache-download (1s)\n"}
{"level":"info","time":"2025-02-11T23:43:46.528+0530","caller":"terminal/terminal.go:187","msg":"✔ [2]  cache-download (2s)\n"}
{"level":"info","time":"2025-02-11T23:44:21.826+0530","caller":"terminal/terminal.go:187","msg":"✔ [2]  pre (36s)\n"}
{"level":"info","time":"2025-02-11T23:44:22.168+0530","caller":"terminal/terminal.go:187","msg":"✔ [2]  discovery (0s)\n"}
{"level":"info","time":"2025-02-11T23:44:23.594+0530","caller":"terminal/terminal.go:187","msg":"✔ [1]  pre (38s)\n"}
{"level":"info","time":"2025-02-11T23:44:24.109+0530","caller":"terminal/terminal.go:187","msg":"✔ [1]  discovery (1s)\n"}
{"level":"info","time":"2025-02-11T23:44:36.553+0530","caller":"terminal/terminal.go:187","msg":"✔ [1]  tests/simple-form-demo.spec.js (12s)\n"}
{"level":"debug","time":"2025-02-11T23:44:37.885+0530","caller":"jobmanager/sse_setup.go:136","msg":"\n\nJob status"}
{"level":"debug","time":"2025-02-11T23:44:37.885+0530","caller":"core/lifecycle.go:874","msg":"Context canceled"}
{"level":"info","time":"2025-02-11T23:44:37.885+0530","caller":"core/lifecycle.go:877","msg":"Stopping pipeline gracefully"}
{"level":"info","time":"2025-02-11T23:44:37.885+0530","caller":"jobmanager/manager.go:142","msg":"Job Link: https://hyperexecute.lambdatest.com/hyperexecute/task?jobId=132eb011-8244-4b3f-a915-bcfaff7919e9\n"}
{"level":"debug","time":"2025-02-11T23:44:37.886+0530","caller":"core/lifecycle.go:57","msg":"Quit requested from main goroutine...."}
{"level":"debug","time":"2025-02-11T23:44:37.886+0530","caller":"core/lifecycle.go:58","msg":"Waiting for the goroutines to exit"}
{"level":"info","time":"2025-02-11T23:44:37.951+0530","caller":"jobmanager/JobSummaryManager.go:54","msg":"\n PARTIALLY COMPLETED \n"}
{"level":"info","time":"2025-02-11T23:44:37.951+0530","caller":"jobmanager/JobSummaryManager.go:113","msg":"    Test Execution Time:                  11s"}
{"level":"info","time":"2025-02-11T23:44:37.951+0530","caller":"jobmanager/JobSummaryManager.go:113","msg":"    Job Duration Time:                    51s"}
{"level":"info","time":"2025-02-11T23:44:37.951+0530","caller":"jobmanager/JobSummaryManager.go:113","msg":"    Total Tasks:                          2"}
{"level":"info","time":"2025-02-11T23:44:37.952+0530","caller":"jobmanager/JobSummaryManager.go:113","msg":"    Cumulative Time Consumed:             1m28s"}
{"level":"info","time":"2025-02-11T23:44:37.952+0530","caller":"jobmanager/JobSummaryManager.go:113","msg":"    Total Stages:                         5"}
{"level":"info","time":"2025-02-11T23:44:37.952+0530","caller":"jobmanager/JobSummaryManager.go:113","msg":"    Pass discovery stage percentage:      100.00%"}
{"level":"info","time":"2025-02-11T23:44:37.952+0530","caller":"jobmanager/JobSummaryManager.go:113","msg":"    Failed discovery stage percentage:    0.00%"}
{"level":"info","time":"2025-02-11T23:44:37.952+0530","caller":"jobmanager/JobSummaryManager.go:113","msg":"    Pass pre stage percentage:            100.00%"}
{"level":"info","time":"2025-02-11T23:44:37.952+0530","caller":"jobmanager/JobSummaryManager.go:113","msg":"    Failed pre stage percentage:          0.00%"}
{"level":"info","time":"2025-02-11T23:44:37.953+0530","caller":"jobmanager/JobSummaryManager.go:113","msg":"    Pass test stage percentage:           100.00%"}
{"level":"info","time":"2025-02-11T23:44:37.953+0530","caller":"jobmanager/JobSummaryManager.go:113","msg":"    Failed test stage percentage:         0.00%"}
{"level":"info","time":"2025-02-11T23:44:37.953+0530","caller":"jobmanager/JobSummaryManager.go:113","msg":"    Pass post stage percentage:           0.00%"}
{"level":"info","time":"2025-02-11T23:44:37.953+0530","caller":"jobmanager/JobSummaryManager.go:113","msg":"    Failed post stage percentage:         0.00%"}
{"level":"info","time":"2025-02-11T23:44:37.953+0530","caller":"jobmanager/JobSummaryManager.go:113","msg":"    Failed Tasks:                         0"}
{"level":"info","time":"2025-02-11T23:44:37.953+0530","caller":"jobmanager/JobSummaryManager.go:58","msg":""}
{"level":"debug","time":"2025-02-11T23:45:07.900+0530","caller":"cmd/bin.go:330","msg":"main: all goroutines have finished."}
{"level":"debug","time":"2025-02-11T23:46:40.567+0530","caller":"cmd/bin.go:121","msg":"cli os: windows, cli arch: amd64"}
{"level":"debug","time":"2025-02-11T23:46:40.778+0530","caller":"cmd/bin.go:130","msg":"Upstream version details: {Name:cli Min:0.2.195 Max:0.2.256} "}
{"level":"debug","time":"2025-02-11T23:46:41.173+0530","caller":"core/lifecycle.go:106","msg":"Setting environment"}
{"level":"debug","time":"2025-02-11T23:46:41.176+0530","caller":"core/lifecycle.go:109","msg":"Parsing config"}
{"level":"debug","time":"2025-02-11T23:46:41.176+0530","caller":"yamlconfigmanager/setup.go:672","msg":"Custom location for .hyperexecute.yaml specified. Using: hyperexecute.yaml"}
{"level":"debug","time":"2025-02-11T23:46:41.176+0530","caller":"yamlconfigmanager/setup.go:110","msg":"using hyperexecute config from : hyperexecute.yaml"}
{"level":"debug","time":"2025-02-11T23:46:41.622+0530","caller":"yamlconfigmanager/setup.go:1952","msg":"Autodetecting test type in files of path : C:\\LambdaTest_Git_Repo\\HyperExecute-Playwright-Vanilla-Javascript"}
{"level":"debug","time":"2025-02-11T23:46:41.622+0530","caller":"yamlconfigmanager/setup.go:1994","msg":"File in which test type is detected - C:\\LambdaTest_Git_Repo\\HyperExecute-Playwright-Vanilla-Javascript/package.json"}
{"level":"debug","time":"2025-02-11T23:46:41.622+0530","caller":"yamlconfigmanager/setup.go:1995","msg":"Pre command in which test type is detected - npx playwright install"}
{"level":"debug","time":"2025-02-11T23:46:41.622+0530","caller":"yamlconfigmanager/setup.go:480","msg":"Automatic test type detected - playwright"}
{"level":"debug","time":"2025-02-11T23:46:41.622+0530","caller":"yamlconfigmanager/setup.go:518","msg":"Tunnel: false"}
{"level":"info","time":"2025-02-11T23:46:41.622+0530","caller":"models/HypertestYamlConfig.go:742","msg":"\nExecution Plan"}
{"level":"info","time":"2025-02-11T23:46:41.622+0530","caller":"models/HypertestYamlConfig.go:543","msg":"Mode:    autosplit"}
{"level":"info","time":"2025-02-11T23:46:41.622+0530","caller":"models/HypertestYamlConfig.go:603","msg":"Runson:    win"}
{"level":"info","time":"2025-02-11T23:46:41.622+0530","caller":"models/HypertestYamlConfig.go:611","msg":"Concurrency:    2"}
{"level":"info","time":"2025-02-11T23:46:41.622+0530","caller":"models/HypertestYamlConfig.go:675","msg":"Report:    disabled"}
{"level":"info","time":"2025-02-11T23:46:41.623+0530","caller":"models/HypertestYamlConfig.go:707","msg":"Cache Directories:"}
{"level":"info","time":"2025-02-11T23:46:41.623+0530","caller":"models/HypertestYamlConfig.go:709","msg":"    node_modules"}
{"level":"info","time":"2025-02-11T23:46:41.623+0530","caller":"models/HypertestYamlConfig.go:755","msg":""}
{"level":"debug","time":"2025-02-11T23:46:41.623+0530","caller":"filevalidator/setup.go:49","msg":"Warning: Checking data.json file in current directory, no dataJsonPath found in .hyperexecute.yaml"}
{"level":"debug","time":"2025-02-11T23:46:41.623+0530","caller":"filevalidator/setup.go:53","msg":"Warning: data.json file doesn't exist"}
{"level":"info","time":"2025-02-11T23:46:43.635+0530","caller":"core/lifecycle.go:436","msg":"You've consumed 7.57 % of your limit. Free trial mins left - 277.29"}
{"level":"debug","time":"2025-02-11T23:46:43.635+0530","caller":"core/lifecycle.go:511","msg":"Job ID: 20b59232-7970-438b-90c8-23e9a3b1d4ed"}
{"level":"debug","time":"2025-02-11T23:46:43.635+0530","caller":"core/lifecycle.go:517","msg":"User has provided playwright as test type for the job with ID 20b59232-7970-438b-90c8-23e9a3b1d4ed"}
{"level":"debug","time":"2025-02-11T23:46:43.635+0530","caller":"events/manager.go:95","msg":"Starting event manager"}
{"level":"debug","time":"2025-02-11T23:46:43.635+0530","caller":"events/manager.go:97","msg":"SSE enabled, getting SSE connection"}
{"level":"debug","time":"2025-02-11T23:46:43.636+0530","caller":"archivemanager/setup.go:340","msg":"digestMap: map[]"}
{"level":"debug","time":"2025-02-11T23:46:43.636+0530","caller":"archivemanager/setup.go:346","msg":"Creating archive of target directory: C:\\LambdaTest_Git_Repo\\HyperExecute-Playwright-Vanilla-Javascript"}
{"level":"debug","time":"2025-02-11T23:46:43.681+0530","caller":"core/lifecycle.go:654","msg":"Zip file size: 207.21 kB"}
{"level":"debug","time":"2025-02-11T23:46:43.681+0530","caller":"core/lifecycle.go:664","msg":"Archive location: C:\\LambdaTest_Git_Repo\\HyperExecute-Playwright-Vanilla-Javascript\\hyperexecute-code-20b59232-7970-438b-90c8-23e9a3b1d4ed.zip\n"}
{"level":"debug","time":"2025-02-11T23:46:43.700+0530","caller":"storage/azure.go:59","msg":"Payload size: 207.21 kB, source path C:\\LambdaTest_Git_Repo\\HyperExecute-Playwright-Vanilla-Javascript\\hyperexecute-code-20b59232-7970-438b-90c8-23e9a3b1d4ed.zip"}
{"level":"debug","time":"2025-02-11T23:46:44.329+0530","caller":"storage/azure.go:59","msg":"Payload size: 120.34 kB, source path C:\\Users\\lparate\\AppData\\Local\\Temp\\git.diff"}
{"level":"debug","time":"2025-02-11T23:46:44.434+0530","caller":"events/manager.go:277","msg":"connection to hyperexecute server established successfully."}
{"level":"info","time":"2025-02-11T23:46:54.110+0530","caller":"storage/azure.go:114","msg":"File upload completed in 10.4296287s"}
{"level":"debug","time":"2025-02-11T23:46:54.111+0530","caller":"receptionmanager/setup.go:267","msg":"number of entries in runtimes: 0, switching to new yaml format"}
{"level":"debug","time":"2025-02-11T23:46:54.111+0530","caller":"receptionmanager/setup.go:296","msg":"number of entries in partialreports: 0, switching to new yaml format"}
{"level":"debug","time":"2025-02-11T23:46:54.112+0530","caller":"receptionmanager/setup.go:184","msg":"Uploading yaml : C:\\LambdaTest_Git_Repo\\HyperExecute-Playwright-Vanilla-Javascript\\.updatedhyperexecute.yaml"}
{"level":"debug","time":"2025-02-11T23:46:54.127+0530","caller":"storage/azure.go:59","msg":"Payload size: 3.25 kB, source path C:\\LambdaTest_Git_Repo\\HyperExecute-Playwright-Vanilla-Javascript\\.updatedhyperexecute.yaml"}
{"level":"info","time":"2025-02-11T23:47:02.181+0530","caller":"storage/azure.go:114","msg":"File upload completed in 17.8747784s"}
{"level":"info","time":"2025-02-11T23:47:10.295+0530","caller":"storage/azure.go:114","msg":"File upload completed in 16.1827715s"}
{"level":"debug","time":"2025-02-11T23:47:10.296+0530","caller":"core/lifecycle.go:691","msg":"Successfully deleted code archive: C:\\LambdaTest_Git_Repo\\HyperExecute-Playwright-Vanilla-Javascript\\hyperexecute-code-20b59232-7970-438b-90c8-23e9a3b1d4ed.zip\n"}
{"level":"debug","time":"2025-02-11T23:47:10.299+0530","caller":"storage/azure.go:59","msg":"Payload size: 481 B, source path mask-20b59232-7970-438b-90c8-23e9a3b1d4ed.yaml"}
{"level":"info","time":"2025-02-11T23:47:20.667+0530","caller":"storage/azure.go:114","msg":"File upload completed in 10.3691477s"}
{"level":"debug","time":"2025-02-11T23:47:22.016+0530","caller":"jobmanager/sse_setup.go:194","msg":"Task id: aa5f42b3-3f47-4af1-a1b0-6ac613ebcb1c"}
{"level":"debug","time":"2025-02-11T23:47:22.016+0530","caller":"jobmanager/sse_setup.go:195","msg":"Sending new task alert to stage manager for taskId: aa5f42b3-3f47-4af1-a1b0-6ac613ebcb1c"}
{"level":"debug","time":"2025-02-11T23:47:22.016+0530","caller":"jobmanager/sse_setup.go:194","msg":"Task id: 27e17a38-a42e-4d15-bf22-94161d0d67a4"}
{"level":"debug","time":"2025-02-11T23:47:22.016+0530","caller":"jobmanager/sse_setup.go:195","msg":"Sending new task alert to stage manager for taskId: 27e17a38-a42e-4d15-bf22-94161d0d67a4"}
{"level":"info","time":"2025-02-11T23:47:23.927+0530","caller":"jobmanager/sse_setup.go:85","msg":"\nJob 20b59232-7970-438b-90c8-23e9a3b1d4ed has started RUNNING"}
{"level":"info","time":"2025-02-11T23:47:23.927+0530","caller":"jobmanager/manager.go:142","msg":"Job Link: https://hyperexecute.lambdatest.com/hyperexecute/task?jobId=20b59232-7970-438b-90c8-23e9a3b1d4ed\n"}
{"level":"info","time":"2025-02-11T23:47:23.985+0530","caller":"terminal/terminal.go:187","msg":"✔ [2]  cache-download (1s)\n"}
{"level":"info","time":"2025-02-11T23:47:24.288+0530","caller":"terminal/terminal.go:187","msg":"✔ [1]  cache-download (1s)\n"}
{"level":"info","time":"2025-02-11T23:47:53.354+0530","caller":"terminal/terminal.go:187","msg":"✔ [2]  pre (29s)\n"}
{"level":"info","time":"2025-02-11T23:47:53.681+0530","caller":"terminal/terminal.go:187","msg":"✔ [2]  discovery (1s)\n"}
{"level":"info","time":"2025-02-11T23:47:54.741+0530","caller":"terminal/terminal.go:187","msg":"✔ [1]  pre (31s)\n"}
{"level":"info","time":"2025-02-11T23:47:55.116+0530","caller":"terminal/terminal.go:187","msg":"✔ [1]  discovery (1s)\n"}
{"level":"info","time":"2025-02-11T23:48:14.816+0530","caller":"terminal/terminal.go:187","msg":"✔ [1]  tests/simple-form-demo.spec.js (19s)\n"}
{"level":"debug","time":"2025-02-11T23:48:18.180+0530","caller":"jobmanager/sse_setup.go:136","msg":"\n\nJob status"}
{"level":"debug","time":"2025-02-11T23:48:18.180+0530","caller":"core/lifecycle.go:874","msg":"Context canceled"}
{"level":"info","time":"2025-02-11T23:48:18.180+0530","caller":"core/lifecycle.go:877","msg":"Stopping pipeline gracefully"}
{"level":"info","time":"2025-02-11T23:48:18.180+0530","caller":"jobmanager/manager.go:142","msg":"Job Link: https://hyperexecute.lambdatest.com/hyperexecute/task?jobId=20b59232-7970-438b-90c8-23e9a3b1d4ed\n"}
{"level":"debug","time":"2025-02-11T23:48:18.181+0530","caller":"core/lifecycle.go:57","msg":"Quit requested from main goroutine...."}
{"level":"debug","time":"2025-02-11T23:48:18.181+0530","caller":"core/lifecycle.go:58","msg":"Waiting for the goroutines to exit"}
{"level":"info","time":"2025-02-11T23:48:18.236+0530","caller":"jobmanager/JobSummaryManager.go:54","msg":"\n COMPLETED \n"}
{"level":"info","time":"2025-02-11T23:48:18.236+0530","caller":"jobmanager/JobSummaryManager.go:113","msg":"    Test Execution Time:                  7s"}
{"level":"info","time":"2025-02-11T23:48:18.236+0530","caller":"jobmanager/JobSummaryManager.go:113","msg":"    Job Duration Time:                    54s"}
{"level":"info","time":"2025-02-11T23:48:18.237+0530","caller":"jobmanager/JobSummaryManager.go:113","msg":"    Total Tasks:                          2"}
{"level":"info","time":"2025-02-11T23:48:18.237+0530","caller":"jobmanager/JobSummaryManager.go:113","msg":"    Cumulative Time Consumed:             1m25s"}
{"level":"info","time":"2025-02-11T23:48:18.237+0530","caller":"jobmanager/JobSummaryManager.go:113","msg":"    Total Stages:                         5"}
{"level":"info","time":"2025-02-11T23:48:18.237+0530","caller":"jobmanager/JobSummaryManager.go:113","msg":"    Pass discovery stage percentage:      100.00%"}
{"level":"info","time":"2025-02-11T23:48:18.237+0530","caller":"jobmanager/JobSummaryManager.go:113","msg":"    Failed discovery stage percentage:    0.00%"}
{"level":"info","time":"2025-02-11T23:48:18.237+0530","caller":"jobmanager/JobSummaryManager.go:113","msg":"    Pass pre stage percentage:            100.00%"}
{"level":"info","time":"2025-02-11T23:48:18.237+0530","caller":"jobmanager/JobSummaryManager.go:113","msg":"    Failed pre stage percentage:          0.00%"}
{"level":"info","time":"2025-02-11T23:48:18.238+0530","caller":"jobmanager/JobSummaryManager.go:113","msg":"    Pass test stage percentage:           100.00%"}
{"level":"info","time":"2025-02-11T23:48:18.238+0530","caller":"jobmanager/JobSummaryManager.go:113","msg":"    Failed test stage percentage:         0.00%"}
{"level":"info","time":"2025-02-11T23:48:18.238+0530","caller":"jobmanager/JobSummaryManager.go:113","msg":"    Pass post stage percentage:           0.00%"}
{"level":"info","time":"2025-02-11T23:48:18.238+0530","caller":"jobmanager/JobSummaryManager.go:113","msg":"    Failed post stage percentage:         0.00%"}
{"level":"info","time":"2025-02-11T23:48:18.238+0530","caller":"jobmanager/JobSummaryManager.go:113","msg":"    Failed Tasks:                         0"}
{"level":"info","time":"2025-02-11T23:48:18.238+0530","caller":"jobmanager/JobSummaryManager.go:58","msg":""}
{"level":"debug","time":"2025-02-11T23:48:48.193+0530","caller":"cmd/bin.go:330","msg":"main: all goroutines have finished."}
{"level":"debug","time":"2025-02-11T23:51:01.252+0530","caller":"cmd/bin.go:121","msg":"cli os: windows, cli arch: amd64"}
{"level":"debug","time":"2025-02-11T23:51:01.300+0530","caller":"cmd/bin.go:130","msg":"Upstream version details: {Name:cli Min:0.2.195 Max:0.2.256} "}
{"level":"debug","time":"2025-02-11T23:51:01.588+0530","caller":"core/lifecycle.go:106","msg":"Setting environment"}
{"level":"debug","time":"2025-02-11T23:51:01.589+0530","caller":"core/lifecycle.go:109","msg":"Parsing config"}
{"level":"debug","time":"2025-02-11T23:51:01.589+0530","caller":"yamlconfigmanager/setup.go:672","msg":"Custom location for .hyperexecute.yaml specified. Using: hyperexecute.yaml"}
{"level":"debug","time":"2025-02-11T23:51:01.589+0530","caller":"yamlconfigmanager/setup.go:110","msg":"using hyperexecute config from : hyperexecute.yaml"}
{"level":"debug","time":"2025-02-11T23:51:01.703+0530","caller":"yamlconfigmanager/setup.go:1952","msg":"Autodetecting test type in files of path : C:\\LambdaTest_Git_Repo\\HyperExecute-Playwright-Vanilla-Javascript"}
{"level":"debug","time":"2025-02-11T23:51:01.703+0530","caller":"yamlconfigmanager/setup.go:1994","msg":"File in which test type is detected - C:\\LambdaTest_Git_Repo\\HyperExecute-Playwright-Vanilla-Javascript/package.json"}
{"level":"debug","time":"2025-02-11T23:51:01.703+0530","caller":"yamlconfigmanager/setup.go:1995","msg":"Pre command in which test type is detected - npx playwright install"}
{"level":"debug","time":"2025-02-11T23:51:01.703+0530","caller":"yamlconfigmanager/setup.go:480","msg":"Automatic test type detected - playwright"}
{"level":"debug","time":"2025-02-11T23:51:01.703+0530","caller":"yamlconfigmanager/setup.go:518","msg":"Tunnel: false"}
{"level":"info","time":"2025-02-11T23:51:01.703+0530","caller":"models/HypertestYamlConfig.go:742","msg":"\nExecution Plan"}
{"level":"info","time":"2025-02-11T23:51:01.704+0530","caller":"models/HypertestYamlConfig.go:543","msg":"Mode:    autosplit"}
{"level":"info","time":"2025-02-11T23:51:01.704+0530","caller":"models/HypertestYamlConfig.go:603","msg":"Runson:    win"}
{"level":"info","time":"2025-02-11T23:51:01.704+0530","caller":"models/HypertestYamlConfig.go:611","msg":"Concurrency:    2"}
{"level":"info","time":"2025-02-11T23:51:01.704+0530","caller":"models/HypertestYamlConfig.go:675","msg":"Report:    enabled"}
{"level":"info","time":"2025-02-11T23:51:01.705+0530","caller":"models/HypertestYamlConfig.go:707","msg":"Cache Directories:"}
{"level":"info","time":"2025-02-11T23:51:01.705+0530","caller":"models/HypertestYamlConfig.go:709","msg":"    node_modules"}
{"level":"info","time":"2025-02-11T23:51:01.705+0530","caller":"models/HypertestYamlConfig.go:755","msg":""}
{"level":"debug","time":"2025-02-11T23:51:01.705+0530","caller":"filevalidator/setup.go:49","msg":"Warning: Checking data.json file in current directory, no dataJsonPath found in .hyperexecute.yaml"}
{"level":"debug","time":"2025-02-11T23:51:01.705+0530","caller":"filevalidator/setup.go:53","msg":"Warning: data.json file doesn't exist"}
{"level":"info","time":"2025-02-11T23:51:01.966+0530","caller":"core/lifecycle.go:436","msg":"You've consumed 8.05 % of your limit. Free trial mins left - 275.85"}
{"level":"debug","time":"2025-02-11T23:51:01.966+0530","caller":"core/lifecycle.go:511","msg":"Job ID: e8d6ef76-3dd2-46c1-ac43-b9283a38a007"}
{"level":"debug","time":"2025-02-11T23:51:01.966+0530","caller":"core/lifecycle.go:517","msg":"User has provided playwright as test type for the job with ID e8d6ef76-3dd2-46c1-ac43-b9283a38a007"}
{"level":"debug","time":"2025-02-11T23:51:01.966+0530","caller":"events/manager.go:95","msg":"Starting event manager"}
{"level":"debug","time":"2025-02-11T23:51:01.966+0530","caller":"events/manager.go:97","msg":"SSE enabled, getting SSE connection"}
{"level":"debug","time":"2025-02-11T23:51:01.967+0530","caller":"archivemanager/setup.go:340","msg":"digestMap: map[]"}
{"level":"debug","time":"2025-02-11T23:51:01.967+0530","caller":"archivemanager/setup.go:346","msg":"Creating archive of target directory: C:\\LambdaTest_Git_Repo\\HyperExecute-Playwright-Vanilla-Javascript"}
{"level":"debug","time":"2025-02-11T23:51:01.999+0530","caller":"core/lifecycle.go:654","msg":"Zip file size: 207.36 kB"}
{"level":"debug","time":"2025-02-11T23:51:02.047+0530","caller":"core/lifecycle.go:664","msg":"Archive location: C:\\LambdaTest_Git_Repo\\HyperExecute-Playwright-Vanilla-Javascript\\hyperexecute-code-e8d6ef76-3dd2-46c1-ac43-b9283a38a007.zip\n"}
{"level":"debug","time":"2025-02-11T23:51:02.049+0530","caller":"storage/azure.go:59","msg":"Payload size: 207.36 kB, source path C:\\LambdaTest_Git_Repo\\HyperExecute-Playwright-Vanilla-Javascript\\hyperexecute-code-e8d6ef76-3dd2-46c1-ac43-b9283a38a007.zip"}
{"level":"debug","time":"2025-02-11T23:51:02.264+0530","caller":"events/manager.go:277","msg":"connection to hyperexecute server established successfully."}
{"level":"debug","time":"2025-02-11T23:51:02.762+0530","caller":"storage/azure.go:59","msg":"Payload size: 120.34 kB, source path C:\\Users\\lparate\\AppData\\Local\\Temp\\git.diff"}
{"level":"info","time":"2025-02-11T23:51:12.484+0530","caller":"storage/azure.go:114","msg":"File upload completed in 10.4345859s"}
{"level":"debug","time":"2025-02-11T23:51:12.485+0530","caller":"receptionmanager/setup.go:267","msg":"number of entries in runtimes: 0, switching to new yaml format"}
{"level":"debug","time":"2025-02-11T23:51:12.486+0530","caller":"receptionmanager/setup.go:306","msg":"only one partialreports entry detected, mapping it to older yaml format"}
{"level":"debug","time":"2025-02-11T23:51:12.487+0530","caller":"receptionmanager/setup.go:184","msg":"Uploading yaml : C:\\LambdaTest_Git_Repo\\HyperExecute-Playwright-Vanilla-Javascript\\.updatedhyperexecute.yaml"}
{"level":"debug","time":"2025-02-11T23:51:12.503+0530","caller":"storage/azure.go:59","msg":"Payload size: 3.50 kB, source path C:\\LambdaTest_Git_Repo\\HyperExecute-Playwright-Vanilla-Javascript\\.updatedhyperexecute.yaml"}
{"level":"info","time":"2025-02-11T23:51:20.544+0530","caller":"storage/azure.go:114","msg":"File upload completed in 17.8044465s"}
{"level":"info","time":"2025-02-11T23:51:28.624+0530","caller":"storage/azure.go:114","msg":"File upload completed in 16.1356109s"}
{"level":"debug","time":"2025-02-11T23:51:28.625+0530","caller":"core/lifecycle.go:691","msg":"Successfully deleted code archive: C:\\LambdaTest_Git_Repo\\HyperExecute-Playwright-Vanilla-Javascript\\hyperexecute-code-e8d6ef76-3dd2-46c1-ac43-b9283a38a007.zip\n"}
{"level":"debug","time":"2025-02-11T23:51:28.638+0530","caller":"storage/azure.go:59","msg":"Payload size: 594 B, source path mask-e8d6ef76-3dd2-46c1-ac43-b9283a38a007.yaml"}
{"level":"info","time":"2025-02-11T23:51:39.016+0530","caller":"storage/azure.go:114","msg":"File upload completed in 10.3905668s"}
{"level":"debug","time":"2025-02-11T23:51:42.608+0530","caller":"jobmanager/sse_setup.go:194","msg":"Task id: f70efdcc-e332-48cf-b281-922e01f783a8"}
{"level":"debug","time":"2025-02-11T23:51:42.608+0530","caller":"jobmanager/sse_setup.go:195","msg":"Sending new task alert to stage manager for taskId: f70efdcc-e332-48cf-b281-922e01f783a8"}
{"level":"debug","time":"2025-02-11T23:51:42.608+0530","caller":"jobmanager/sse_setup.go:194","msg":"Task id: 8c14c61c-5ec7-41ae-bbc3-e3323e18663c"}
{"level":"debug","time":"2025-02-11T23:51:42.608+0530","caller":"jobmanager/sse_setup.go:195","msg":"Sending new task alert to stage manager for taskId: 8c14c61c-5ec7-41ae-bbc3-e3323e18663c"}
{"level":"info","time":"2025-02-11T23:51:47.765+0530","caller":"jobmanager/sse_setup.go:85","msg":"\nJob e8d6ef76-3dd2-46c1-ac43-b9283a38a007 has started RUNNING"}
{"level":"info","time":"2025-02-11T23:51:47.765+0530","caller":"jobmanager/manager.go:142","msg":"Job Link: https://hyperexecute.lambdatest.com/hyperexecute/task?jobId=e8d6ef76-3dd2-46c1-ac43-b9283a38a007\n"}
{"level":"info","time":"2025-02-11T23:51:47.936+0530","caller":"terminal/terminal.go:187","msg":"✔ [1]  cache-download (2s)\n"}
{"level":"info","time":"2025-02-11T23:51:48.131+0530","caller":"terminal/terminal.go:187","msg":"✔ [2]  cache-download (1s)\n"}
{"level":"info","time":"2025-02-11T23:52:20.131+0530","caller":"terminal/terminal.go:187","msg":"✔ [2]  pre (32s)\n"}
{"level":"info","time":"2025-02-11T23:52:20.497+0530","caller":"terminal/terminal.go:187","msg":"✔ [2]  discovery (1s)\n"}
{"level":"info","time":"2025-02-11T23:52:21.337+0530","caller":"terminal/terminal.go:187","msg":"✔ [1]  pre (33s)\n"}
{"level":"info","time":"2025-02-11T23:52:21.677+0530","caller":"terminal/terminal.go:187","msg":"✔ [1]  discovery (1s)\n"}
{"level":"debug","time":"2025-02-11T23:52:44.580+0530","caller":"events/manager.go:268","msg":"Connection to server failed, Reconnecting!!"}
{"level":"debug","time":"2025-02-11T23:52:45.436+0530","caller":"events/manager.go:277","msg":"connection to hyperexecute server established successfully."}
{"level":"info","time":"2025-02-11T23:52:57.711+0530","caller":"terminal/terminal.go:187","msg":"x [1]  tests/simple-form-demo.spec.js (35s)\n"}
{"level":"debug","time":"2025-02-11T23:53:01.337+0530","caller":"jobmanager/sse_setup.go:136","msg":"\n\nJob status"}
{"level":"info","time":"2025-02-11T23:53:01.337+0530","caller":"core/lifecycle.go:776","msg":"taskId:f70efdcc-e332-48cf-b281-922e01f783a8 has failed with remark: error in running test suites - step 1 - exit status 1\n"}
{"level":"debug","time":"2025-02-11T23:53:01.337+0530","caller":"core/lifecycle.go:874","msg":"Context canceled"}
{"level":"info","time":"2025-02-11T23:53:01.337+0530","caller":"core/lifecycle.go:877","msg":"Stopping pipeline gracefully"}
{"level":"error","time":"2025-02-11T23:53:01.337+0530","caller":"core/lifecycle.go:880","msg":"2025-02-11T23:51:01+05:30    error    Exiting with error: Failed tasks found."}
{"level":"info","time":"2025-02-11T23:53:01.338+0530","caller":"jobmanager/manager.go:142","msg":"Job Link: https://hyperexecute.lambdatest.com/hyperexecute/task?jobId=e8d6ef76-3dd2-46c1-ac43-b9283a38a007\n"}
{"level":"debug","time":"2025-02-11T23:53:01.338+0530","caller":"core/lifecycle.go:57","msg":"Quit requested from main goroutine...."}
{"level":"debug","time":"2025-02-11T23:53:01.338+0530","caller":"core/lifecycle.go:58","msg":"Waiting for the goroutines to exit"}
{"level":"info","time":"2025-02-11T23:53:01.499+0530","caller":"jobmanager/JobSummaryManager.go:54","msg":"\n FAILED \n"}
{"level":"info","time":"2025-02-11T23:53:01.500+0530","caller":"jobmanager/JobSummaryManager.go:113","msg":"    Test Execution Time:                  23s"}
{"level":"info","time":"2025-02-11T23:53:01.500+0530","caller":"jobmanager/JobSummaryManager.go:113","msg":"    Job Duration Time:                    1m13s"}
{"level":"info","time":"2025-02-11T23:53:01.500+0530","caller":"jobmanager/JobSummaryManager.go:113","msg":"    Total Tasks:                          2"}
{"level":"info","time":"2025-02-11T23:53:01.500+0530","caller":"jobmanager/JobSummaryManager.go:113","msg":"    Cumulative Time Consumed:             1m47s"}
{"level":"info","time":"2025-02-11T23:53:01.500+0530","caller":"jobmanager/JobSummaryManager.go:113","msg":"    Total Stages:                         5"}
{"level":"info","time":"2025-02-11T23:53:01.500+0530","caller":"jobmanager/JobSummaryManager.go:113","msg":"    Pass discovery stage percentage:      100.00%"}
{"level":"info","time":"2025-02-11T23:53:01.500+0530","caller":"jobmanager/JobSummaryManager.go:113","msg":"    Failed discovery stage percentage:    0.00%"}
{"level":"info","time":"2025-02-11T23:53:01.500+0530","caller":"jobmanager/JobSummaryManager.go:113","msg":"    Pass pre stage percentage:            100.00%"}
{"level":"info","time":"2025-02-11T23:53:01.500+0530","caller":"jobmanager/JobSummaryManager.go:113","msg":"    Failed pre stage percentage:          0.00%"}
{"level":"info","time":"2025-02-11T23:53:01.501+0530","caller":"jobmanager/JobSummaryManager.go:113","msg":"    Pass test stage percentage:           0.00%"}
{"level":"info","time":"2025-02-11T23:53:01.501+0530","caller":"jobmanager/JobSummaryManager.go:113","msg":"    Failed test stage percentage:         100.00%"}
{"level":"info","time":"2025-02-11T23:53:01.501+0530","caller":"jobmanager/JobSummaryManager.go:113","msg":"    Pass post stage percentage:           0.00%"}
{"level":"info","time":"2025-02-11T23:53:01.501+0530","caller":"jobmanager/JobSummaryManager.go:113","msg":"    Failed post stage percentage:         0.00%"}
{"level":"info","time":"2025-02-11T23:53:01.501+0530","caller":"jobmanager/JobSummaryManager.go:113","msg":"    Failed Tasks:                         1"}
{"level":"info","time":"2025-02-11T23:53:01.501+0530","caller":"jobmanager/JobSummaryManager.go:58","msg":""}
{"level":"debug","time":"2025-02-11T23:53:31.345+0530","caller":"cmd/bin.go:330","msg":"main: all goroutines have finished."}
{"level":"debug","time":"2025-02-11T23:53:31.345+0530","caller":"cmd/bin.go:369","msg":"Exiting application due to error Failed tasks found."}
{"level":"debug","time":"2025-02-12T15:20:13.103+0530","caller":"cmd/bin.go:121","msg":"cli os: windows, cli arch: amd64"}
{"level":"debug","time":"2025-02-12T15:20:13.146+0530","caller":"cmd/bin.go:130","msg":"Upstream version details: {Name:cli Min:0.2.195 Max:0.2.256} "}
{"level":"debug","time":"2025-02-12T15:20:13.410+0530","caller":"core/lifecycle.go:106","msg":"Setting environment"}
{"level":"debug","time":"2025-02-12T15:20:13.411+0530","caller":"core/lifecycle.go:109","msg":"Parsing config"}
{"level":"debug","time":"2025-02-12T15:20:13.411+0530","caller":"yamlconfigmanager/setup.go:672","msg":"Custom location for .hyperexecute.yaml specified. Using: hyperexecute.yaml"}
{"level":"debug","time":"2025-02-12T15:20:13.411+0530","caller":"yamlconfigmanager/setup.go:110","msg":"using hyperexecute config from : hyperexecute.yaml"}
{"level":"debug","time":"2025-02-12T15:20:13.554+0530","caller":"yamlconfigmanager/setup.go:1952","msg":"Autodetecting test type in files of path : C:\\LambdaTest_Git_Repo\\HyperExecute-Playwright-Vanilla-Javascript"}
{"level":"debug","time":"2025-02-12T15:20:13.554+0530","caller":"yamlconfigmanager/setup.go:1994","msg":"File in which test type is detected - C:\\LambdaTest_Git_Repo\\HyperExecute-Playwright-Vanilla-Javascript/package.json"}
{"level":"debug","time":"2025-02-12T15:20:13.554+0530","caller":"yamlconfigmanager/setup.go:1995","msg":"Pre command in which test type is detected - npx playwright install"}
{"level":"debug","time":"2025-02-12T15:20:13.554+0530","caller":"yamlconfigmanager/setup.go:480","msg":"Automatic test type detected - playwright"}
{"level":"debug","time":"2025-02-12T15:20:13.554+0530","caller":"yamlconfigmanager/setup.go:518","msg":"Tunnel: false"}
{"level":"info","time":"2025-02-12T15:20:13.554+0530","caller":"models/HypertestYamlConfig.go:742","msg":"\nExecution Plan"}
{"level":"info","time":"2025-02-12T15:20:13.555+0530","caller":"models/HypertestYamlConfig.go:543","msg":"Mode:    autosplit"}
{"level":"info","time":"2025-02-12T15:20:13.555+0530","caller":"models/HypertestYamlConfig.go:603","msg":"Runson:    win"}
{"level":"info","time":"2025-02-12T15:20:13.555+0530","caller":"models/HypertestYamlConfig.go:611","msg":"Concurrency:    2"}
{"level":"info","time":"2025-02-12T15:20:13.555+0530","caller":"models/HypertestYamlConfig.go:675","msg":"Report:    enabled"}
{"level":"info","time":"2025-02-12T15:20:13.555+0530","caller":"models/HypertestYamlConfig.go:707","msg":"Cache Directories:"}
{"level":"info","time":"2025-02-12T15:20:13.555+0530","caller":"models/HypertestYamlConfig.go:709","msg":"    node_modules"}
{"level":"info","time":"2025-02-12T15:20:13.556+0530","caller":"models/HypertestYamlConfig.go:755","msg":""}
{"level":"debug","time":"2025-02-12T15:20:13.556+0530","caller":"filevalidator/setup.go:49","msg":"Warning: Checking data.json file in current directory, no dataJsonPath found in .hyperexecute.yaml"}
{"level":"debug","time":"2025-02-12T15:20:13.556+0530","caller":"filevalidator/setup.go:53","msg":"Warning: data.json file doesn't exist"}
{"level":"info","time":"2025-02-12T15:20:13.746+0530","caller":"core/lifecycle.go:436","msg":"You've consumed 8.65 % of your limit. Free trial mins left - 274.04"}
{"level":"debug","time":"2025-02-12T15:20:13.746+0530","caller":"core/lifecycle.go:511","msg":"Job ID: 8f8b2039-6757-415d-978d-ab8758c95f11"}
{"level":"debug","time":"2025-02-12T15:20:13.746+0530","caller":"core/lifecycle.go:517","msg":"User has provided playwright as test type for the job with ID 8f8b2039-6757-415d-978d-ab8758c95f11"}
{"level":"debug","time":"2025-02-12T15:20:13.746+0530","caller":"events/manager.go:95","msg":"Starting event manager"}
{"level":"debug","time":"2025-02-12T15:20:13.746+0530","caller":"events/manager.go:97","msg":"SSE enabled, getting SSE connection"}
{"level":"debug","time":"2025-02-12T15:20:13.747+0530","caller":"archivemanager/setup.go:340","msg":"digestMap: map[]"}
{"level":"debug","time":"2025-02-12T15:20:13.747+0530","caller":"archivemanager/setup.go:346","msg":"Creating archive of target directory: C:\\LambdaTest_Git_Repo\\HyperExecute-Playwright-Vanilla-Javascript"}
{"level":"debug","time":"2025-02-12T15:20:13.962+0530","caller":"core/lifecycle.go:654","msg":"Zip file size: 207.88 kB"}
{"level":"debug","time":"2025-02-12T15:20:13.962+0530","caller":"core/lifecycle.go:664","msg":"Archive location: C:\\LambdaTest_Git_Repo\\HyperExecute-Playwright-Vanilla-Javascript\\hyperexecute-code-8f8b2039-6757-415d-978d-ab8758c95f11.zip\n"}
{"level":"debug","time":"2025-02-12T15:20:13.967+0530","caller":"events/manager.go:277","msg":"connection to hyperexecute server established successfully."}
{"level":"debug","time":"2025-02-12T15:20:13.977+0530","caller":"storage/azure.go:59","msg":"Payload size: 207.88 kB, source path C:\\LambdaTest_Git_Repo\\HyperExecute-Playwright-Vanilla-Javascript\\hyperexecute-code-8f8b2039-6757-415d-978d-ab8758c95f11.zip"}
{"level":"debug","time":"2025-02-12T15:20:14.417+0530","caller":"storage/azure.go:59","msg":"Payload size: 120.25 kB, source path C:\\Users\\lparate\\AppData\\Local\\Temp\\git.diff"}
{"level":"info","time":"2025-02-12T15:20:24.842+0530","caller":"storage/azure.go:114","msg":"File upload completed in 10.8790833s"}
{"level":"debug","time":"2025-02-12T15:20:24.842+0530","caller":"receptionmanager/setup.go:267","msg":"number of entries in runtimes: 0, switching to new yaml format"}
{"level":"debug","time":"2025-02-12T15:20:24.843+0530","caller":"receptionmanager/setup.go:306","msg":"only one partialreports entry detected, mapping it to older yaml format"}
{"level":"debug","time":"2025-02-12T15:20:24.844+0530","caller":"receptionmanager/setup.go:184","msg":"Uploading yaml : C:\\LambdaTest_Git_Repo\\HyperExecute-Playwright-Vanilla-Javascript\\.updatedhyperexecute.yaml"}
{"level":"debug","time":"2025-02-12T15:20:24.859+0530","caller":"storage/azure.go:59","msg":"Payload size: 3.50 kB, source path C:\\LambdaTest_Git_Repo\\HyperExecute-Playwright-Vanilla-Javascript\\.updatedhyperexecute.yaml"}
{"level":"info","time":"2025-02-12T15:20:32.439+0530","caller":"storage/azure.go:114","msg":"File upload completed in 18.043737s"}
{"level":"info","time":"2025-02-12T15:20:40.522+0530","caller":"storage/azure.go:114","msg":"File upload completed in 15.6781221s"}
{"level":"debug","time":"2025-02-12T15:20:40.524+0530","caller":"core/lifecycle.go:691","msg":"Successfully deleted code archive: C:\\LambdaTest_Git_Repo\\HyperExecute-Playwright-Vanilla-Javascript\\hyperexecute-code-8f8b2039-6757-415d-978d-ab8758c95f11.zip\n"}
{"level":"debug","time":"2025-02-12T15:20:40.545+0530","caller":"storage/azure.go:59","msg":"Payload size: 594 B, source path mask-8f8b2039-6757-415d-978d-ab8758c95f11.yaml"}
{"level":"info","time":"2025-02-12T15:20:50.916+0530","caller":"storage/azure.go:114","msg":"File upload completed in 10.3886382s"}
{"level":"debug","time":"2025-02-12T15:20:52.323+0530","caller":"jobmanager/sse_setup.go:194","msg":"Task id: 096f98aa-d6b2-4dbc-8ad5-a24e05e96b51"}
{"level":"debug","time":"2025-02-12T15:20:52.323+0530","caller":"jobmanager/sse_setup.go:195","msg":"Sending new task alert to stage manager for taskId: 096f98aa-d6b2-4dbc-8ad5-a24e05e96b51"}
{"level":"debug","time":"2025-02-12T15:20:52.323+0530","caller":"jobmanager/sse_setup.go:194","msg":"Task id: 260f867e-c6ff-4538-89ff-10c8c384dedf"}
{"level":"debug","time":"2025-02-12T15:20:52.323+0530","caller":"jobmanager/sse_setup.go:195","msg":"Sending new task alert to stage manager for taskId: 260f867e-c6ff-4538-89ff-10c8c384dedf"}
{"level":"info","time":"2025-02-12T15:20:54.142+0530","caller":"jobmanager/sse_setup.go:85","msg":"\nJob 8f8b2039-6757-415d-978d-ab8758c95f11 has started RUNNING"}
{"level":"info","time":"2025-02-12T15:20:54.142+0530","caller":"jobmanager/manager.go:142","msg":"Job Link: https://hyperexecute.lambdatest.com/hyperexecute/task?jobId=8f8b2039-6757-415d-978d-ab8758c95f11\n"}
{"level":"info","time":"2025-02-12T15:20:54.231+0530","caller":"terminal/terminal.go:187","msg":"✔ [2]  cache-download (1s)\n"}
{"level":"info","time":"2025-02-12T15:20:54.294+0530","caller":"terminal/terminal.go:187","msg":"✔ [1]  cache-download (1s)\n"}
{"level":"info","time":"2025-02-12T15:21:21.455+0530","caller":"terminal/terminal.go:187","msg":"✔ [1]  pre (27s)\n"}
{"level":"info","time":"2025-02-12T15:21:21.693+0530","caller":"terminal/terminal.go:187","msg":"✔ [1]  discovery (1s)\n"}
{"level":"info","time":"2025-02-12T15:21:25.231+0530","caller":"terminal/terminal.go:187","msg":"✔ [2]  pre (31s)\n"}
{"level":"info","time":"2025-02-12T15:21:25.860+0530","caller":"terminal/terminal.go:187","msg":"✔ [2]  discovery (1s)\n"}
{"level":"info","time":"2025-02-12T15:21:32.596+0530","caller":"terminal/terminal.go:187","msg":"✔ [1]  tests/scenario_1.spec.js (10s)\n"}
{"level":"debug","time":"2025-02-12T15:21:33.900+0530","caller":"jobmanager/sse_setup.go:136","msg":"\n\nJob status"}
{"level":"debug","time":"2025-02-12T15:21:33.900+0530","caller":"core/lifecycle.go:874","msg":"Context canceled"}
{"level":"info","time":"2025-02-12T15:21:33.900+0530","caller":"core/lifecycle.go:877","msg":"Stopping pipeline gracefully"}
{"level":"info","time":"2025-02-12T15:21:33.900+0530","caller":"jobmanager/manager.go:142","msg":"Job Link: https://hyperexecute.lambdatest.com/hyperexecute/task?jobId=8f8b2039-6757-415d-978d-ab8758c95f11\n"}
{"level":"debug","time":"2025-02-12T15:21:33.901+0530","caller":"core/lifecycle.go:57","msg":"Quit requested from main goroutine...."}
{"level":"debug","time":"2025-02-12T15:21:33.901+0530","caller":"core/lifecycle.go:58","msg":"Waiting for the goroutines to exit"}
{"level":"info","time":"2025-02-12T15:21:33.940+0530","caller":"jobmanager/JobSummaryManager.go:54","msg":"\n PARTIALLY COMPLETED \n"}
{"level":"info","time":"2025-02-12T15:21:33.940+0530","caller":"jobmanager/JobSummaryManager.go:113","msg":"    Test Execution Time:                  9s"}
{"level":"info","time":"2025-02-12T15:21:33.940+0530","caller":"jobmanager/JobSummaryManager.go:113","msg":"    Job Duration Time:                    39s"}
{"level":"info","time":"2025-02-12T15:21:33.941+0530","caller":"jobmanager/JobSummaryManager.go:113","msg":"    Total Tasks:                          2"}
{"level":"info","time":"2025-02-12T15:21:33.941+0530","caller":"jobmanager/JobSummaryManager.go:113","msg":"    Cumulative Time Consumed:             1m11s"}
{"level":"info","time":"2025-02-12T15:21:33.941+0530","caller":"jobmanager/JobSummaryManager.go:113","msg":"    Total Stages:                         5"}
{"level":"info","time":"2025-02-12T15:21:33.941+0530","caller":"jobmanager/JobSummaryManager.go:113","msg":"    Pass discovery stage percentage:      100.00%"}
{"level":"info","time":"2025-02-12T15:21:33.941+0530","caller":"jobmanager/JobSummaryManager.go:113","msg":"    Failed discovery stage percentage:    0.00%"}
{"level":"info","time":"2025-02-12T15:21:33.941+0530","caller":"jobmanager/JobSummaryManager.go:113","msg":"    Pass pre stage percentage:            100.00%"}
{"level":"info","time":"2025-02-12T15:21:33.941+0530","caller":"jobmanager/JobSummaryManager.go:113","msg":"    Failed pre stage percentage:          0.00%"}
{"level":"info","time":"2025-02-12T15:21:33.942+0530","caller":"jobmanager/JobSummaryManager.go:113","msg":"    Pass test stage percentage:           100.00%"}
{"level":"info","time":"2025-02-12T15:21:33.942+0530","caller":"jobmanager/JobSummaryManager.go:113","msg":"    Failed test stage percentage:         0.00%"}
{"level":"info","time":"2025-02-12T15:21:33.942+0530","caller":"jobmanager/JobSummaryManager.go:113","msg":"    Pass post stage percentage:           0.00%"}
{"level":"info","time":"2025-02-12T15:21:33.942+0530","caller":"jobmanager/JobSummaryManager.go:113","msg":"    Failed post stage percentage:         0.00%"}
{"level":"info","time":"2025-02-12T15:21:33.942+0530","caller":"jobmanager/JobSummaryManager.go:113","msg":"    Failed Tasks:                         0"}
{"level":"info","time":"2025-02-12T15:21:33.942+0530","caller":"jobmanager/JobSummaryManager.go:58","msg":""}
{"level":"debug","time":"2025-02-12T15:22:03.916+0530","caller":"cmd/bin.go:330","msg":"main: all goroutines have finished."}
{"level":"debug","time":"2025-02-12T15:22:43.056+0530","caller":"cmd/bin.go:121","msg":"cli os: windows, cli arch: amd64"}
{"level":"debug","time":"2025-02-12T15:22:43.116+0530","caller":"cmd/bin.go:130","msg":"Upstream version details: {Name:cli Min:0.2.195 Max:0.2.256} "}
{"level":"debug","time":"2025-02-12T15:22:43.253+0530","caller":"core/lifecycle.go:106","msg":"Setting environment"}
{"level":"debug","time":"2025-02-12T15:22:43.254+0530","caller":"core/lifecycle.go:109","msg":"Parsing config"}
{"level":"debug","time":"2025-02-12T15:22:43.254+0530","caller":"yamlconfigmanager/setup.go:672","msg":"Custom location for .hyperexecute.yaml specified. Using: hyperexecute.yaml"}
{"level":"debug","time":"2025-02-12T15:22:43.254+0530","caller":"yamlconfigmanager/setup.go:110","msg":"using hyperexecute config from : hyperexecute.yaml"}
{"level":"debug","time":"2025-02-12T15:22:43.498+0530","caller":"yamlconfigmanager/setup.go:1952","msg":"Autodetecting test type in files of path : C:\\LambdaTest_Git_Repo\\HyperExecute-Playwright-Vanilla-Javascript"}
{"level":"debug","time":"2025-02-12T15:22:43.498+0530","caller":"yamlconfigmanager/setup.go:1994","msg":"File in which test type is detected - C:\\LambdaTest_Git_Repo\\HyperExecute-Playwright-Vanilla-Javascript/package.json"}
{"level":"debug","time":"2025-02-12T15:22:43.498+0530","caller":"yamlconfigmanager/setup.go:1995","msg":"Pre command in which test type is detected - npx playwright install"}
{"level":"debug","time":"2025-02-12T15:22:43.498+0530","caller":"yamlconfigmanager/setup.go:480","msg":"Automatic test type detected - playwright"}
{"level":"debug","time":"2025-02-12T15:22:43.498+0530","caller":"yamlconfigmanager/setup.go:518","msg":"Tunnel: false"}
{"level":"info","time":"2025-02-12T15:22:43.498+0530","caller":"models/HypertestYamlConfig.go:742","msg":"\nExecution Plan"}
{"level":"info","time":"2025-02-12T15:22:43.499+0530","caller":"models/HypertestYamlConfig.go:543","msg":"Mode:    autosplit"}
{"level":"info","time":"2025-02-12T15:22:43.499+0530","caller":"models/HypertestYamlConfig.go:603","msg":"Runson:    win"}
{"level":"info","time":"2025-02-12T15:22:43.499+0530","caller":"models/HypertestYamlConfig.go:611","msg":"Concurrency:    2"}
{"level":"info","time":"2025-02-12T15:22:43.499+0530","caller":"models/HypertestYamlConfig.go:675","msg":"Report:    enabled"}
{"level":"info","time":"2025-02-12T15:22:43.499+0530","caller":"models/HypertestYamlConfig.go:707","msg":"Cache Directories:"}
{"level":"info","time":"2025-02-12T15:22:43.499+0530","caller":"models/HypertestYamlConfig.go:709","msg":"    node_modules"}
{"level":"info","time":"2025-02-12T15:22:43.500+0530","caller":"models/HypertestYamlConfig.go:755","msg":""}
{"level":"debug","time":"2025-02-12T15:22:43.500+0530","caller":"filevalidator/setup.go:49","msg":"Warning: Checking data.json file in current directory, no dataJsonPath found in .hyperexecute.yaml"}
{"level":"debug","time":"2025-02-12T15:22:43.500+0530","caller":"filevalidator/setup.go:53","msg":"Warning: data.json file doesn't exist"}
{"level":"info","time":"2025-02-12T15:22:43.714+0530","caller":"core/lifecycle.go:436","msg":"You've consumed 9.06 % of your limit. Free trial mins left - 272.83"}
{"level":"debug","time":"2025-02-12T15:22:43.714+0530","caller":"core/lifecycle.go:511","msg":"Job ID: 4fc6cac9-d83d-4d41-9b89-59d075fbd48d"}
{"level":"debug","time":"2025-02-12T15:22:43.714+0530","caller":"core/lifecycle.go:517","msg":"User has provided playwright as test type for the job with ID 4fc6cac9-d83d-4d41-9b89-59d075fbd48d"}
{"level":"debug","time":"2025-02-12T15:22:43.714+0530","caller":"events/manager.go:95","msg":"Starting event manager"}
{"level":"debug","time":"2025-02-12T15:22:43.714+0530","caller":"events/manager.go:97","msg":"SSE enabled, getting SSE connection"}
{"level":"debug","time":"2025-02-12T15:22:43.715+0530","caller":"archivemanager/setup.go:340","msg":"digestMap: map[]"}
{"level":"debug","time":"2025-02-12T15:22:43.715+0530","caller":"archivemanager/setup.go:346","msg":"Creating archive of target directory: C:\\LambdaTest_Git_Repo\\HyperExecute-Playwright-Vanilla-Javascript"}
{"level":"debug","time":"2025-02-12T15:22:43.740+0530","caller":"core/lifecycle.go:654","msg":"Zip file size: 207.88 kB"}
{"level":"debug","time":"2025-02-12T15:22:43.741+0530","caller":"core/lifecycle.go:664","msg":"Archive location: C:\\LambdaTest_Git_Repo\\HyperExecute-Playwright-Vanilla-Javascript\\hyperexecute-code-4fc6cac9-d83d-4d41-9b89-59d075fbd48d.zip\n"}
{"level":"debug","time":"2025-02-12T15:22:43.765+0530","caller":"storage/azure.go:59","msg":"Payload size: 207.88 kB, source path C:\\LambdaTest_Git_Repo\\HyperExecute-Playwright-Vanilla-Javascript\\hyperexecute-code-4fc6cac9-d83d-4d41-9b89-59d075fbd48d.zip"}
{"level":"debug","time":"2025-02-12T15:22:44.385+0530","caller":"storage/azure.go:59","msg":"Payload size: 120.34 kB, source path C:\\Users\\lparate\\AppData\\Local\\Temp\\git.diff"}
{"level":"debug","time":"2025-02-12T15:22:45.406+0530","caller":"events/manager.go:277","msg":"connection to hyperexecute server established successfully."}
{"level":"info","time":"2025-02-12T15:22:54.156+0530","caller":"storage/azure.go:114","msg":"File upload completed in 10.4148198s"}
{"level":"debug","time":"2025-02-12T15:22:54.158+0530","caller":"receptionmanager/setup.go:267","msg":"number of entries in runtimes: 0, switching to new yaml format"}
{"level":"debug","time":"2025-02-12T15:22:54.158+0530","caller":"receptionmanager/setup.go:306","msg":"only one partialreports entry detected, mapping it to older yaml format"}
{"level":"debug","time":"2025-02-12T15:22:54.159+0530","caller":"receptionmanager/setup.go:184","msg":"Uploading yaml : C:\\LambdaTest_Git_Repo\\HyperExecute-Playwright-Vanilla-Javascript\\.updatedhyperexecute.yaml"}
{"level":"debug","time":"2025-02-12T15:22:54.174+0530","caller":"storage/azure.go:59","msg":"Payload size: 3.50 kB, source path C:\\LambdaTest_Git_Repo\\HyperExecute-Playwright-Vanilla-Javascript\\.updatedhyperexecute.yaml"}
{"level":"info","time":"2025-02-12T15:23:02.232+0530","caller":"storage/azure.go:114","msg":"File upload completed in 17.8684162s"}
{"level":"info","time":"2025-02-12T15:23:10.290+0530","caller":"storage/azure.go:114","msg":"File upload completed in 16.1311014s"}
{"level":"debug","time":"2025-02-12T15:23:10.293+0530","caller":"core/lifecycle.go:691","msg":"Successfully deleted code archive: C:\\LambdaTest_Git_Repo\\HyperExecute-Playwright-Vanilla-Javascript\\hyperexecute-code-4fc6cac9-d83d-4d41-9b89-59d075fbd48d.zip\n"}
{"level":"debug","time":"2025-02-12T15:23:10.307+0530","caller":"storage/azure.go:59","msg":"Payload size: 594 B, source path mask-4fc6cac9-d83d-4d41-9b89-59d075fbd48d.yaml"}
{"level":"info","time":"2025-02-12T15:23:20.672+0530","caller":"storage/azure.go:114","msg":"File upload completed in 10.3778427s"}
{"level":"debug","time":"2025-02-12T15:23:21.995+0530","caller":"jobmanager/sse_setup.go:194","msg":"Task id: 22601c2f-2032-4d82-a3b6-a3d89be29d5d"}
{"level":"debug","time":"2025-02-12T15:23:21.995+0530","caller":"jobmanager/sse_setup.go:195","msg":"Sending new task alert to stage manager for taskId: 22601c2f-2032-4d82-a3b6-a3d89be29d5d"}
{"level":"debug","time":"2025-02-12T15:23:21.995+0530","caller":"jobmanager/sse_setup.go:194","msg":"Task id: c0b26837-b4bf-4b58-b1be-030539a023bd"}
{"level":"debug","time":"2025-02-12T15:23:21.995+0530","caller":"jobmanager/sse_setup.go:195","msg":"Sending new task alert to stage manager for taskId: c0b26837-b4bf-4b58-b1be-030539a023bd"}
{"level":"info","time":"2025-02-12T15:23:23.733+0530","caller":"jobmanager/sse_setup.go:85","msg":"\nJob 4fc6cac9-d83d-4d41-9b89-59d075fbd48d has started RUNNING"}
{"level":"info","time":"2025-02-12T15:23:23.733+0530","caller":"jobmanager/manager.go:142","msg":"Job Link: https://hyperexecute.lambdatest.com/hyperexecute/task?jobId=4fc6cac9-d83d-4d41-9b89-59d075fbd48d\n"}
{"level":"info","time":"2025-02-12T15:23:23.792+0530","caller":"terminal/terminal.go:187","msg":"✔ [2]  cache-download (2s)\n"}
{"level":"info","time":"2025-02-12T15:23:23.822+0530","caller":"terminal/terminal.go:187","msg":"✔ [1]  cache-download (2s)\n"}
{"level":"info","time":"2025-02-12T15:23:49.332+0530","caller":"terminal/terminal.go:187","msg":"✔ [2]  pre (26s)\n"}
{"level":"info","time":"2025-02-12T15:23:49.572+0530","caller":"terminal/terminal.go:187","msg":"✔ [2]  discovery (1s)\n"}
{"level":"info","time":"2025-02-12T15:23:50.684+0530","caller":"terminal/terminal.go:187","msg":"✔ [1]  pre (28s)\n"}
{"level":"info","time":"2025-02-12T15:23:50.890+0530","caller":"terminal/terminal.go:187","msg":"✔ [1]  discovery (1s)\n"}
{"level":"info","time":"2025-02-12T15:24:05.468+0530","caller":"terminal/terminal.go:187","msg":"✔ [1]  tests/scenario_1.spec.js (13s)\n"}
{"level":"debug","time":"2025-02-12T15:24:08.357+0530","caller":"jobmanager/sse_setup.go:136","msg":"\n\nJob status"}
{"level":"debug","time":"2025-02-12T15:24:08.357+0530","caller":"core/lifecycle.go:874","msg":"Context canceled"}
{"level":"info","time":"2025-02-12T15:24:08.357+0530","caller":"core/lifecycle.go:877","msg":"Stopping pipeline gracefully"}
{"level":"info","time":"2025-02-12T15:24:08.357+0530","caller":"jobmanager/manager.go:142","msg":"Job Link: https://hyperexecute.lambdatest.com/hyperexecute/task?jobId=4fc6cac9-d83d-4d41-9b89-59d075fbd48d\n"}
{"level":"debug","time":"2025-02-12T15:24:08.358+0530","caller":"core/lifecycle.go:57","msg":"Quit requested from main goroutine...."}
{"level":"debug","time":"2025-02-12T15:24:08.358+0530","caller":"core/lifecycle.go:58","msg":"Waiting for the goroutines to exit"}
{"level":"info","time":"2025-02-12T15:24:08.399+0530","caller":"jobmanager/JobSummaryManager.go:54","msg":"\n COMPLETED \n"}
{"level":"info","time":"2025-02-12T15:24:08.399+0530","caller":"jobmanager/JobSummaryManager.go:113","msg":"    Test Execution Time:                  4s"}
{"level":"info","time":"2025-02-12T15:24:08.399+0530","caller":"jobmanager/JobSummaryManager.go:113","msg":"    Job Duration Time:                    45s"}
{"level":"info","time":"2025-02-12T15:24:08.400+0530","caller":"jobmanager/JobSummaryManager.go:113","msg":"    Total Tasks:                          2"}
{"level":"info","time":"2025-02-12T15:24:08.400+0530","caller":"jobmanager/JobSummaryManager.go:113","msg":"    Cumulative Time Consumed:             1m12s"}
{"level":"info","time":"2025-02-12T15:24:08.400+0530","caller":"jobmanager/JobSummaryManager.go:113","msg":"    Total Stages:                         5"}
{"level":"info","time":"2025-02-12T15:24:08.400+0530","caller":"jobmanager/JobSummaryManager.go:113","msg":"    Pass discovery stage percentage:      100.00%"}
{"level":"info","time":"2025-02-12T15:24:08.400+0530","caller":"jobmanager/JobSummaryManager.go:113","msg":"    Failed discovery stage percentage:    0.00%"}
{"level":"info","time":"2025-02-12T15:24:08.400+0530","caller":"jobmanager/JobSummaryManager.go:113","msg":"    Pass pre stage percentage:            100.00%"}
{"level":"info","time":"2025-02-12T15:24:08.400+0530","caller":"jobmanager/JobSummaryManager.go:113","msg":"    Failed pre stage percentage:          0.00%"}
{"level":"info","time":"2025-02-12T15:24:08.401+0530","caller":"jobmanager/JobSummaryManager.go:113","msg":"    Pass test stage percentage:           100.00%"}
{"level":"info","time":"2025-02-12T15:24:08.401+0530","caller":"jobmanager/JobSummaryManager.go:113","msg":"    Failed test stage percentage:         0.00%"}
{"level":"info","time":"2025-02-12T15:24:08.401+0530","caller":"jobmanager/JobSummaryManager.go:113","msg":"    Pass post stage percentage:           0.00%"}
{"level":"info","time":"2025-02-12T15:24:08.401+0530","caller":"jobmanager/JobSummaryManager.go:113","msg":"    Failed post stage percentage:         0.00%"}
{"level":"info","time":"2025-02-12T15:24:08.401+0530","caller":"jobmanager/JobSummaryManager.go:113","msg":"    Failed Tasks:                         0"}
{"level":"info","time":"2025-02-12T15:24:08.401+0530","caller":"jobmanager/JobSummaryManager.go:58","msg":""}
{"level":"debug","time":"2025-02-12T15:24:38.358+0530","caller":"cmd/bin.go:330","msg":"main: all goroutines have finished."}
{"level":"debug","time":"2025-02-12T16:11:26.339+0530","caller":"cmd/bin.go:121","msg":"cli os: windows, cli arch: amd64"}
{"level":"debug","time":"2025-02-12T16:11:26.385+0530","caller":"cmd/bin.go:130","msg":"Upstream version details: {Name:cli Min:0.2.195 Max:0.2.256} "}
{"level":"debug","time":"2025-02-12T16:11:26.726+0530","caller":"core/lifecycle.go:106","msg":"Setting environment"}
{"level":"debug","time":"2025-02-12T16:11:26.726+0530","caller":"core/lifecycle.go:109","msg":"Parsing config"}
{"level":"debug","time":"2025-02-12T16:11:26.727+0530","caller":"yamlconfigmanager/setup.go:672","msg":"Custom location for .hyperexecute.yaml specified. Using: hyperexecute.yaml"}
{"level":"debug","time":"2025-02-12T16:11:26.727+0530","caller":"yamlconfigmanager/setup.go:110","msg":"using hyperexecute config from : hyperexecute.yaml"}
{"level":"debug","time":"2025-02-12T16:11:26.820+0530","caller":"yamlconfigmanager/setup.go:1952","msg":"Autodetecting test type in files of path : C:\\LambdaTest_Git_Repo\\HyperExecute-Playwright-Vanilla-Javascript"}
{"level":"debug","time":"2025-02-12T16:11:26.820+0530","caller":"yamlconfigmanager/setup.go:1994","msg":"File in which test type is detected - C:\\LambdaTest_Git_Repo\\HyperExecute-Playwright-Vanilla-Javascript/package.json"}
{"level":"debug","time":"2025-02-12T16:11:26.820+0530","caller":"yamlconfigmanager/setup.go:1995","msg":"Pre command in which test type is detected - npx playwright install"}
{"level":"debug","time":"2025-02-12T16:11:26.820+0530","caller":"yamlconfigmanager/setup.go:480","msg":"Automatic test type detected - playwright"}
{"level":"debug","time":"2025-02-12T16:11:26.820+0530","caller":"yamlconfigmanager/setup.go:518","msg":"Tunnel: false"}
{"level":"info","time":"2025-02-12T16:11:26.820+0530","caller":"models/HypertestYamlConfig.go:742","msg":"\nExecution Plan"}
{"level":"info","time":"2025-02-12T16:11:26.821+0530","caller":"models/HypertestYamlConfig.go:543","msg":"Mode:    autosplit"}
{"level":"info","time":"2025-02-12T16:11:26.821+0530","caller":"models/HypertestYamlConfig.go:603","msg":"Runson:    win"}
{"level":"info","time":"2025-02-12T16:11:26.821+0530","caller":"models/HypertestYamlConfig.go:611","msg":"Concurrency:    2"}
{"level":"info","time":"2025-02-12T16:11:26.821+0530","caller":"models/HypertestYamlConfig.go:675","msg":"Report:    enabled"}
{"level":"info","time":"2025-02-12T16:11:26.821+0530","caller":"models/HypertestYamlConfig.go:707","msg":"Cache Directories:"}
{"level":"info","time":"2025-02-12T16:11:26.822+0530","caller":"models/HypertestYamlConfig.go:709","msg":"    node_modules"}
{"level":"info","time":"2025-02-12T16:11:26.822+0530","caller":"models/HypertestYamlConfig.go:755","msg":""}
{"level":"debug","time":"2025-02-12T16:11:26.822+0530","caller":"filevalidator/setup.go:49","msg":"Warning: Checking data.json file in current directory, no dataJsonPath found in .hyperexecute.yaml"}
{"level":"debug","time":"2025-02-12T16:11:26.822+0530","caller":"filevalidator/setup.go:53","msg":"Warning: data.json file doesn't exist"}
{"level":"info","time":"2025-02-12T16:11:27.052+0530","caller":"core/lifecycle.go:436","msg":"You've consumed 9.46 % of your limit. Free trial mins left - 271.62"}
{"level":"debug","time":"2025-02-12T16:11:27.052+0530","caller":"core/lifecycle.go:511","msg":"Job ID: e0d0a963-5254-4f2b-a45c-15c7cea17e6a"}
{"level":"debug","time":"2025-02-12T16:11:27.052+0530","caller":"core/lifecycle.go:517","msg":"User has provided playwright as test type for the job with ID e0d0a963-5254-4f2b-a45c-15c7cea17e6a"}
{"level":"debug","time":"2025-02-12T16:11:27.052+0530","caller":"events/manager.go:95","msg":"Starting event manager"}
{"level":"debug","time":"2025-02-12T16:11:27.052+0530","caller":"events/manager.go:97","msg":"SSE enabled, getting SSE connection"}
{"level":"debug","time":"2025-02-12T16:11:27.053+0530","caller":"archivemanager/setup.go:340","msg":"digestMap: map[]"}
{"level":"debug","time":"2025-02-12T16:11:27.053+0530","caller":"archivemanager/setup.go:346","msg":"Creating archive of target directory: C:\\LambdaTest_Git_Repo\\HyperExecute-Playwright-Vanilla-Javascript"}
{"level":"debug","time":"2025-02-12T16:11:27.290+0530","caller":"core/lifecycle.go:654","msg":"Zip file size: 208.96 kB"}
{"level":"debug","time":"2025-02-12T16:11:27.291+0530","caller":"core/lifecycle.go:664","msg":"Archive location: C:\\LambdaTest_Git_Repo\\HyperExecute-Playwright-Vanilla-Javascript\\hyperexecute-code-e0d0a963-5254-4f2b-a45c-15c7cea17e6a.zip\n"}
{"level":"debug","time":"2025-02-12T16:11:27.306+0530","caller":"storage/azure.go:59","msg":"Payload size: 208.96 kB, source path C:\\LambdaTest_Git_Repo\\HyperExecute-Playwright-Vanilla-Javascript\\hyperexecute-code-e0d0a963-5254-4f2b-a45c-15c7cea17e6a.zip"}
{"level":"debug","time":"2025-02-12T16:11:27.721+0530","caller":"storage/azure.go:59","msg":"Payload size: 120.34 kB, source path C:\\Users\\lparate\\AppData\\Local\\Temp\\git.diff"}
{"level":"debug","time":"2025-02-12T16:11:28.007+0530","caller":"events/manager.go:277","msg":"connection to hyperexecute server established successfully."}
{"level":"info","time":"2025-02-12T16:11:37.763+0530","caller":"storage/azure.go:114","msg":"File upload completed in 10.4717217s"}
{"level":"debug","time":"2025-02-12T16:11:37.763+0530","caller":"receptionmanager/setup.go:267","msg":"number of entries in runtimes: 0, switching to new yaml format"}
{"level":"debug","time":"2025-02-12T16:11:37.764+0530","caller":"receptionmanager/setup.go:306","msg":"only one partialreports entry detected, mapping it to older yaml format"}
{"level":"debug","time":"2025-02-12T16:11:37.765+0530","caller":"receptionmanager/setup.go:184","msg":"Uploading yaml : C:\\LambdaTest_Git_Repo\\HyperExecute-Playwright-Vanilla-Javascript\\.updatedhyperexecute.yaml"}
{"level":"debug","time":"2025-02-12T16:11:37.778+0530","caller":"storage/azure.go:59","msg":"Payload size: 3.50 kB, source path C:\\LambdaTest_Git_Repo\\HyperExecute-Playwright-Vanilla-Javascript\\.updatedhyperexecute.yaml"}
{"level":"info","time":"2025-02-12T16:11:45.795+0530","caller":"storage/azure.go:114","msg":"File upload completed in 18.095429s"}
{"level":"info","time":"2025-02-12T16:11:53.863+0530","caller":"storage/azure.go:114","msg":"File upload completed in 16.098019s"}
{"level":"debug","time":"2025-02-12T16:11:53.864+0530","caller":"core/lifecycle.go:691","msg":"Successfully deleted code archive: C:\\LambdaTest_Git_Repo\\HyperExecute-Playwright-Vanilla-Javascript\\hyperexecute-code-e0d0a963-5254-4f2b-a45c-15c7cea17e6a.zip\n"}
{"level":"debug","time":"2025-02-12T16:11:53.881+0530","caller":"storage/azure.go:59","msg":"Payload size: 594 B, source path mask-e0d0a963-5254-4f2b-a45c-15c7cea17e6a.yaml"}
{"level":"info","time":"2025-02-12T16:12:04.253+0530","caller":"storage/azure.go:114","msg":"File upload completed in 10.388502s"}
{"level":"debug","time":"2025-02-12T16:12:05.891+0530","caller":"jobmanager/sse_setup.go:194","msg":"Task id: 82d6b352-cfee-4df5-894e-ce86faf5b6da"}
{"level":"debug","time":"2025-02-12T16:12:05.891+0530","caller":"jobmanager/sse_setup.go:195","msg":"Sending new task alert to stage manager for taskId: 82d6b352-cfee-4df5-894e-ce86faf5b6da"}
{"level":"debug","time":"2025-02-12T16:12:05.891+0530","caller":"jobmanager/sse_setup.go:194","msg":"Task id: 8613bead-a0c5-4724-ac75-4ed5a88263c1"}
{"level":"debug","time":"2025-02-12T16:12:05.891+0530","caller":"jobmanager/sse_setup.go:195","msg":"Sending new task alert to stage manager for taskId: 8613bead-a0c5-4724-ac75-4ed5a88263c1"}
{"level":"info","time":"2025-02-12T16:12:08.312+0530","caller":"jobmanager/sse_setup.go:85","msg":"\nJob e0d0a963-5254-4f2b-a45c-15c7cea17e6a has started RUNNING"}
{"level":"info","time":"2025-02-12T16:12:08.312+0530","caller":"jobmanager/manager.go:142","msg":"Job Link: https://hyperexecute.lambdatest.com/hyperexecute/task?jobId=e0d0a963-5254-4f2b-a45c-15c7cea17e6a\n"}
{"level":"info","time":"2025-02-12T16:12:08.444+0530","caller":"terminal/terminal.go:187","msg":"✔ [1]  cache-download (1s)\n"}
{"level":"info","time":"2025-02-12T16:12:08.541+0530","caller":"terminal/terminal.go:187","msg":"✔ [2]  cache-download (1s)\n"}
{"level":"info","time":"2025-02-12T16:12:35.085+0530","caller":"terminal/terminal.go:187","msg":"✔ [1]  pre (27s)\n"}
{"level":"info","time":"2025-02-12T16:12:35.316+0530","caller":"terminal/terminal.go:187","msg":"✔ [1]  discovery (0s)\n"}
{"level":"info","time":"2025-02-12T16:12:39.016+0530","caller":"terminal/terminal.go:187","msg":"✔ [2]  pre (31s)\n"}
{"level":"info","time":"2025-02-12T16:12:39.263+0530","caller":"terminal/terminal.go:187","msg":"✔ [2]  discovery (0s)\n"}
{"level":"info","time":"2025-02-12T16:13:10.523+0530","caller":"terminal/terminal.go:187","msg":"x [1]  tests/scenario_2.spec.js (34s)\n"}
{"level":"debug","time":"2025-02-12T16:13:13.607+0530","caller":"jobmanager/sse_setup.go:136","msg":"\n\nJob status"}
{"level":"info","time":"2025-02-12T16:13:13.607+0530","caller":"core/lifecycle.go:776","msg":"taskId:82d6b352-cfee-4df5-894e-ce86faf5b6da has failed with remark: error in running test suites - step 1 - exit status 1\n"}
{"level":"debug","time":"2025-02-12T16:13:13.607+0530","caller":"core/lifecycle.go:874","msg":"Context canceled"}
{"level":"info","time":"2025-02-12T16:13:13.607+0530","caller":"core/lifecycle.go:877","msg":"Stopping pipeline gracefully"}
{"level":"error","time":"2025-02-12T16:13:13.607+0530","caller":"core/lifecycle.go:880","msg":"2025-02-12T16:11:26+05:30    error    Exiting with error: Failed tasks found."}
{"level":"info","time":"2025-02-12T16:13:13.608+0530","caller":"jobmanager/manager.go:142","msg":"Job Link: https://hyperexecute.lambdatest.com/hyperexecute/task?jobId=e0d0a963-5254-4f2b-a45c-15c7cea17e6a\n"}
{"level":"debug","time":"2025-02-12T16:13:13.608+0530","caller":"core/lifecycle.go:57","msg":"Quit requested from main goroutine...."}
{"level":"debug","time":"2025-02-12T16:13:13.608+0530","caller":"core/lifecycle.go:58","msg":"Waiting for the goroutines to exit"}
{"level":"info","time":"2025-02-12T16:13:13.659+0530","caller":"jobmanager/JobSummaryManager.go:54","msg":"\n FAILED \n"}
{"level":"info","time":"2025-02-12T16:13:13.664+0530","caller":"jobmanager/JobSummaryManager.go:113","msg":"    Test Execution Time:                  24s"}
{"level":"info","time":"2025-02-12T16:13:13.677+0530","caller":"jobmanager/JobSummaryManager.go:113","msg":"    Job Duration Time:                    1m5s"}
{"level":"info","time":"2025-02-12T16:13:13.677+0530","caller":"jobmanager/JobSummaryManager.go:113","msg":"    Total Tasks:                          2"}
{"level":"info","time":"2025-02-12T16:13:13.677+0530","caller":"jobmanager/JobSummaryManager.go:113","msg":"    Cumulative Time Consumed:             1m37s"}
{"level":"info","time":"2025-02-12T16:13:13.677+0530","caller":"jobmanager/JobSummaryManager.go:113","msg":"    Total Stages:                         5"}
{"level":"info","time":"2025-02-12T16:13:13.677+0530","caller":"jobmanager/JobSummaryManager.go:113","msg":"    Pass discovery stage percentage:      100.00%"}
{"level":"info","time":"2025-02-12T16:13:13.677+0530","caller":"jobmanager/JobSummaryManager.go:113","msg":"    Failed discovery stage percentage:    0.00%"}
{"level":"info","time":"2025-02-12T16:13:13.679+0530","caller":"jobmanager/JobSummaryManager.go:113","msg":"    Pass pre stage percentage:            100.00%"}
{"level":"info","time":"2025-02-12T16:13:13.679+0530","caller":"jobmanager/JobSummaryManager.go:113","msg":"    Failed pre stage percentage:          0.00%"}
{"level":"info","time":"2025-02-12T16:13:13.679+0530","caller":"jobmanager/JobSummaryManager.go:113","msg":"    Pass test stage percentage:           0.00%"}
{"level":"info","time":"2025-02-12T16:13:13.679+0530","caller":"jobmanager/JobSummaryManager.go:113","msg":"    Failed test stage percentage:         100.00%"}
{"level":"info","time":"2025-02-12T16:13:13.679+0530","caller":"jobmanager/JobSummaryManager.go:113","msg":"    Pass post stage percentage:           0.00%"}
{"level":"info","time":"2025-02-12T16:13:13.679+0530","caller":"jobmanager/JobSummaryManager.go:113","msg":"    Failed post stage percentage:         0.00%"}
{"level":"info","time":"2025-02-12T16:13:13.679+0530","caller":"jobmanager/JobSummaryManager.go:113","msg":"    Failed Tasks:                         1"}
{"level":"info","time":"2025-02-12T16:13:13.680+0530","caller":"jobmanager/JobSummaryManager.go:58","msg":""}
{"level":"debug","time":"2025-02-12T16:13:43.620+0530","caller":"cmd/bin.go:330","msg":"main: all goroutines have finished."}
{"level":"debug","time":"2025-02-12T16:13:43.620+0530","caller":"cmd/bin.go:369","msg":"Exiting application due to error Failed tasks found."}
{"level":"debug","time":"2025-02-12T16:17:27.275+0530","caller":"cmd/bin.go:121","msg":"cli os: windows, cli arch: amd64"}
{"level":"debug","time":"2025-02-12T16:17:27.309+0530","caller":"cmd/bin.go:130","msg":"Upstream version details: {Name:cli Min:0.2.195 Max:0.2.256} "}
{"level":"debug","time":"2025-02-12T16:17:27.564+0530","caller":"core/lifecycle.go:106","msg":"Setting environment"}
{"level":"debug","time":"2025-02-12T16:17:27.564+0530","caller":"core/lifecycle.go:109","msg":"Parsing config"}
{"level":"debug","time":"2025-02-12T16:17:27.564+0530","caller":"yamlconfigmanager/setup.go:672","msg":"Custom location for .hyperexecute.yaml specified. Using: hyperexecute.yaml"}
{"level":"debug","time":"2025-02-12T16:17:27.565+0530","caller":"yamlconfigmanager/setup.go:110","msg":"using hyperexecute config from : hyperexecute.yaml"}
{"level":"debug","time":"2025-02-12T16:17:27.656+0530","caller":"yamlconfigmanager/setup.go:1952","msg":"Autodetecting test type in files of path : C:\\LambdaTest_Git_Repo\\HyperExecute-Playwright-Vanilla-Javascript"}
{"level":"debug","time":"2025-02-12T16:17:27.656+0530","caller":"yamlconfigmanager/setup.go:1994","msg":"File in which test type is detected - C:\\LambdaTest_Git_Repo\\HyperExecute-Playwright-Vanilla-Javascript/package.json"}
{"level":"debug","time":"2025-02-12T16:17:27.656+0530","caller":"yamlconfigmanager/setup.go:1995","msg":"Pre command in which test type is detected - npx playwright install"}
{"level":"debug","time":"2025-02-12T16:17:27.656+0530","caller":"yamlconfigmanager/setup.go:480","msg":"Automatic test type detected - playwright"}
{"level":"debug","time":"2025-02-12T16:17:27.656+0530","caller":"yamlconfigmanager/setup.go:518","msg":"Tunnel: false"}
{"level":"info","time":"2025-02-12T16:17:27.656+0530","caller":"models/HypertestYamlConfig.go:742","msg":"\nExecution Plan"}
{"level":"info","time":"2025-02-12T16:17:27.658+0530","caller":"models/HypertestYamlConfig.go:543","msg":"Mode:    autosplit"}
{"level":"info","time":"2025-02-12T16:17:27.658+0530","caller":"models/HypertestYamlConfig.go:603","msg":"Runson:    win"}
{"level":"info","time":"2025-02-12T16:17:27.658+0530","caller":"models/HypertestYamlConfig.go:611","msg":"Concurrency:    2"}
{"level":"info","time":"2025-02-12T16:17:27.658+0530","caller":"models/HypertestYamlConfig.go:675","msg":"Report:    enabled"}
{"level":"info","time":"2025-02-12T16:17:27.658+0530","caller":"models/HypertestYamlConfig.go:707","msg":"Cache Directories:"}
{"level":"info","time":"2025-02-12T16:17:27.659+0530","caller":"models/HypertestYamlConfig.go:709","msg":"    node_modules"}
{"level":"info","time":"2025-02-12T16:17:27.659+0530","caller":"models/HypertestYamlConfig.go:755","msg":""}
{"level":"debug","time":"2025-02-12T16:17:27.659+0530","caller":"filevalidator/setup.go:49","msg":"Warning: Checking data.json file in current directory, no dataJsonPath found in .hyperexecute.yaml"}
{"level":"debug","time":"2025-02-12T16:17:27.659+0530","caller":"filevalidator/setup.go:53","msg":"Warning: data.json file doesn't exist"}
{"level":"info","time":"2025-02-12T16:17:27.800+0530","caller":"core/lifecycle.go:436","msg":"You've consumed 10.00 % of your limit. Free trial mins left - 269.99"}
{"level":"debug","time":"2025-02-12T16:17:27.800+0530","caller":"core/lifecycle.go:511","msg":"Job ID: 94864c6b-2aa7-4e69-8287-691f15907443"}
{"level":"debug","time":"2025-02-12T16:17:27.800+0530","caller":"core/lifecycle.go:517","msg":"User has provided playwright as test type for the job with ID 94864c6b-2aa7-4e69-8287-691f15907443"}
{"level":"debug","time":"2025-02-12T16:17:27.800+0530","caller":"events/manager.go:95","msg":"Starting event manager"}
{"level":"debug","time":"2025-02-12T16:17:27.800+0530","caller":"events/manager.go:97","msg":"SSE enabled, getting SSE connection"}
{"level":"debug","time":"2025-02-12T16:17:27.801+0530","caller":"archivemanager/setup.go:340","msg":"digestMap: map[]"}
{"level":"debug","time":"2025-02-12T16:17:27.801+0530","caller":"archivemanager/setup.go:346","msg":"Creating archive of target directory: C:\\LambdaTest_Git_Repo\\HyperExecute-Playwright-Vanilla-Javascript"}
{"level":"debug","time":"2025-02-12T16:17:27.824+0530","caller":"core/lifecycle.go:654","msg":"Zip file size: 208.96 kB"}
{"level":"debug","time":"2025-02-12T16:17:27.824+0530","caller":"core/lifecycle.go:664","msg":"Archive location: C:\\LambdaTest_Git_Repo\\HyperExecute-Playwright-Vanilla-Javascript\\hyperexecute-code-94864c6b-2aa7-4e69-8287-691f15907443.zip\n"}
{"level":"debug","time":"2025-02-12T16:17:27.844+0530","caller":"storage/azure.go:59","msg":"Payload size: 208.96 kB, source path C:\\LambdaTest_Git_Repo\\HyperExecute-Playwright-Vanilla-Javascript\\hyperexecute-code-94864c6b-2aa7-4e69-8287-691f15907443.zip"}
{"level":"debug","time":"2025-02-12T16:17:28.010+0530","caller":"events/manager.go:277","msg":"connection to hyperexecute server established successfully."}
{"level":"debug","time":"2025-02-12T16:17:28.519+0530","caller":"storage/azure.go:59","msg":"Payload size: 120.34 kB, source path C:\\Users\\lparate\\AppData\\Local\\Temp\\git.diff"}
{"level":"info","time":"2025-02-12T16:17:38.299+0530","caller":"storage/azure.go:114","msg":"File upload completed in 10.4747322s"}
{"level":"debug","time":"2025-02-12T16:17:38.300+0530","caller":"receptionmanager/setup.go:267","msg":"number of entries in runtimes: 0, switching to new yaml format"}
{"level":"debug","time":"2025-02-12T16:17:38.301+0530","caller":"receptionmanager/setup.go:306","msg":"only one partialreports entry detected, mapping it to older yaml format"}
{"level":"debug","time":"2025-02-12T16:17:38.302+0530","caller":"receptionmanager/setup.go:184","msg":"Uploading yaml : C:\\LambdaTest_Git_Repo\\HyperExecute-Playwright-Vanilla-Javascript\\.updatedhyperexecute.yaml"}
{"level":"debug","time":"2025-02-12T16:17:38.322+0530","caller":"storage/azure.go:59","msg":"Payload size: 3.50 kB, source path C:\\LambdaTest_Git_Repo\\HyperExecute-Playwright-Vanilla-Javascript\\.updatedhyperexecute.yaml"}
{"level":"info","time":"2025-02-12T16:17:46.362+0530","caller":"storage/azure.go:114","msg":"File upload completed in 17.8634748s"}
{"level":"info","time":"2025-02-12T16:17:54.494+0530","caller":"storage/azure.go:114","msg":"File upload completed in 16.1921519s"}
{"level":"debug","time":"2025-02-12T16:17:54.497+0530","caller":"core/lifecycle.go:691","msg":"Successfully deleted code archive: C:\\LambdaTest_Git_Repo\\HyperExecute-Playwright-Vanilla-Javascript\\hyperexecute-code-94864c6b-2aa7-4e69-8287-691f15907443.zip\n"}
{"level":"debug","time":"2025-02-12T16:17:54.501+0530","caller":"storage/azure.go:59","msg":"Payload size: 594 B, source path mask-94864c6b-2aa7-4e69-8287-691f15907443.yaml"}
{"level":"info","time":"2025-02-12T16:18:04.893+0530","caller":"storage/azure.go:114","msg":"File upload completed in 10.3938877s"}
{"level":"debug","time":"2025-02-12T16:18:06.255+0530","caller":"jobmanager/sse_setup.go:194","msg":"Task id: 46eb3231-1bde-4484-bd47-9d4301ae6092"}
{"level":"debug","time":"2025-02-12T16:18:06.255+0530","caller":"jobmanager/sse_setup.go:195","msg":"Sending new task alert to stage manager for taskId: 46eb3231-1bde-4484-bd47-9d4301ae6092"}
{"level":"debug","time":"2025-02-12T16:18:06.255+0530","caller":"jobmanager/sse_setup.go:194","msg":"Task id: 94fc869e-3d47-4817-92e4-33295ac0a702"}
{"level":"debug","time":"2025-02-12T16:18:06.255+0530","caller":"jobmanager/sse_setup.go:195","msg":"Sending new task alert to stage manager for taskId: 94fc869e-3d47-4817-92e4-33295ac0a702"}
{"level":"info","time":"2025-02-12T16:18:08.021+0530","caller":"jobmanager/sse_setup.go:85","msg":"\nJob 94864c6b-2aa7-4e69-8287-691f15907443 has started RUNNING"}
{"level":"info","time":"2025-02-12T16:18:08.021+0530","caller":"jobmanager/manager.go:142","msg":"Job Link: https://hyperexecute.lambdatest.com/hyperexecute/task?jobId=94864c6b-2aa7-4e69-8287-691f15907443\n"}
{"level":"info","time":"2025-02-12T16:18:08.081+0530","caller":"terminal/terminal.go:187","msg":"✔ [2]  cache-download (1s)\n"}
{"level":"info","time":"2025-02-12T16:18:08.457+0530","caller":"terminal/terminal.go:187","msg":"✔ [1]  cache-download (1s)\n"}
{"level":"info","time":"2025-02-12T16:18:37.644+0530","caller":"terminal/terminal.go:187","msg":"✔ [2]  pre (30s)\n"}
{"level":"info","time":"2025-02-12T16:18:37.929+0530","caller":"terminal/terminal.go:187","msg":"✔ [2]  discovery (1s)\n"}
{"level":"info","time":"2025-02-12T16:18:38.674+0530","caller":"terminal/terminal.go:187","msg":"✔ [1]  pre (31s)\n"}
{"level":"info","time":"2025-02-12T16:18:39.022+0530","caller":"terminal/terminal.go:187","msg":"✔ [1]  discovery (1s)\n"}
{"level":"info","time":"2025-02-12T16:18:53.827+0530","caller":"terminal/terminal.go:187","msg":"✔ [1]  tests/scenario_2.spec.js (14s)\n"}
{"level":"debug","time":"2025-02-12T16:18:56.636+0530","caller":"jobmanager/sse_setup.go:136","msg":"\n\nJob status"}
{"level":"debug","time":"2025-02-12T16:18:56.636+0530","caller":"core/lifecycle.go:874","msg":"Context canceled"}
{"level":"info","time":"2025-02-12T16:18:56.636+0530","caller":"core/lifecycle.go:877","msg":"Stopping pipeline gracefully"}
{"level":"info","time":"2025-02-12T16:18:56.636+0530","caller":"jobmanager/manager.go:142","msg":"Job Link: https://hyperexecute.lambdatest.com/hyperexecute/task?jobId=94864c6b-2aa7-4e69-8287-691f15907443\n"}
{"level":"debug","time":"2025-02-12T16:18:56.636+0530","caller":"core/lifecycle.go:57","msg":"Quit requested from main goroutine...."}
{"level":"debug","time":"2025-02-12T16:18:56.636+0530","caller":"core/lifecycle.go:58","msg":"Waiting for the goroutines to exit"}
{"level":"info","time":"2025-02-12T16:18:56.715+0530","caller":"jobmanager/JobSummaryManager.go:54","msg":"\n COMPLETED \n"}
{"level":"info","time":"2025-02-12T16:18:56.715+0530","caller":"jobmanager/JobSummaryManager.go:113","msg":"    Test Execution Time:                  4s"}
{"level":"info","time":"2025-02-12T16:18:56.715+0530","caller":"jobmanager/JobSummaryManager.go:113","msg":"    Job Duration Time:                    49s"}
{"level":"info","time":"2025-02-12T16:18:56.716+0530","caller":"jobmanager/JobSummaryManager.go:113","msg":"    Total Tasks:                          2"}
{"level":"info","time":"2025-02-12T16:18:56.716+0530","caller":"jobmanager/JobSummaryManager.go:113","msg":"    Cumulative Time Consumed:             1m19s"}
{"level":"info","time":"2025-02-12T16:18:56.716+0530","caller":"jobmanager/JobSummaryManager.go:113","msg":"    Total Stages:                         5"}
{"level":"info","time":"2025-02-12T16:18:56.716+0530","caller":"jobmanager/JobSummaryManager.go:113","msg":"    Pass discovery stage percentage:      100.00%"}
{"level":"info","time":"2025-02-12T16:18:56.717+0530","caller":"jobmanager/JobSummaryManager.go:113","msg":"    Failed discovery stage percentage:    0.00%"}
{"level":"info","time":"2025-02-12T16:18:56.717+0530","caller":"jobmanager/JobSummaryManager.go:113","msg":"    Pass pre stage percentage:            100.00%"}
{"level":"info","time":"2025-02-12T16:18:56.717+0530","caller":"jobmanager/JobSummaryManager.go:113","msg":"    Failed pre stage percentage:          0.00%"}
{"level":"info","time":"2025-02-12T16:18:56.717+0530","caller":"jobmanager/JobSummaryManager.go:113","msg":"    Pass test stage percentage:           100.00%"}
{"level":"info","time":"2025-02-12T16:18:56.717+0530","caller":"jobmanager/JobSummaryManager.go:113","msg":"    Failed test stage percentage:         0.00%"}
{"level":"info","time":"2025-02-12T16:18:56.718+0530","caller":"jobmanager/JobSummaryManager.go:113","msg":"    Pass post stage percentage:           0.00%"}
{"level":"info","time":"2025-02-12T16:18:56.718+0530","caller":"jobmanager/JobSummaryManager.go:113","msg":"    Failed post stage percentage:         0.00%"}
{"level":"info","time":"2025-02-12T16:18:56.718+0530","caller":"jobmanager/JobSummaryManager.go:113","msg":"    Failed Tasks:                         0"}
{"level":"info","time":"2025-02-12T16:18:56.718+0530","caller":"jobmanager/JobSummaryManager.go:58","msg":""}
{"level":"debug","time":"2025-02-12T16:19:26.639+0530","caller":"cmd/bin.go:330","msg":"main: all goroutines have finished."}
{"level":"debug","time":"2025-02-12T18:52:59.707+0530","caller":"cmd/bin.go:121","msg":"cli os: windows, cli arch: amd64"}
{"level":"debug","time":"2025-02-12T18:52:59.752+0530","caller":"cmd/bin.go:130","msg":"Upstream version details: {Name:cli Min:0.2.195 Max:0.2.257} "}
{"level":"info","time":"2025-02-12T18:52:59.752+0530","caller":"cmd/bin.go:138","msg":"Current binary version 0.2.256 is less than max upstream version 0.2.257."}
{"level":"info","time":"2025-02-12T18:52:59.752+0530","caller":"updater/updater.go:63","msg":"Auto updating binary ..................."}
{"level":"debug","time":"2025-02-12T18:52:59.752+0530","caller":"updater/updater.go:64","msg":"Download url: https://downloads.hyperexecute.cloud/hyperexecute/cli/0.2.257/windows/hyperexecute.exe"}
{"level":"debug","time":"2025-02-12T18:53:00.590+0530","caller":"updater/updater.go:85","msg":"New binary downloaded successfully "}
{"level":"info","time":"2025-02-12T18:53:00.591+0530","caller":"cmd/bin.go:150","msg":"Update successfully installed. Restarting the binary..."}
{"level":"debug","time":"2025-02-12T18:53:18.054+0530","caller":"cmd/bin.go:121","msg":"cli os: windows, cli arch: amd64"}
{"level":"debug","time":"2025-02-12T18:53:18.220+0530","caller":"cmd/bin.go:130","msg":"Upstream version details: {Name:cli Min:0.2.195 Max:0.2.257} "}
{"level":"debug","time":"2025-02-12T18:53:18.481+0530","caller":"core/lifecycle.go:106","msg":"Setting environment"}
{"level":"debug","time":"2025-02-12T18:53:18.482+0530","caller":"core/lifecycle.go:109","msg":"Parsing config"}
{"level":"debug","time":"2025-02-12T18:53:18.482+0530","caller":"yamlconfigmanager/setup.go:680","msg":"Custom location for .hyperexecute.yaml specified. Using: hyperexecute.yaml"}
{"level":"debug","time":"2025-02-12T18:53:18.482+0530","caller":"yamlconfigmanager/setup.go:110","msg":"using hyperexecute config from : hyperexecute.yaml"}
{"level":"debug","time":"2025-02-12T18:53:18.592+0530","caller":"yamlconfigmanager/setup.go:1960","msg":"Autodetecting test type in files of path : C:\\LambdaTest_Git_Repo\\HyperExecute-Playwright-Vanilla-Javascript"}
{"level":"debug","time":"2025-02-12T18:53:18.592+0530","caller":"yamlconfigmanager/setup.go:2002","msg":"File in which test type is detected - C:\\LambdaTest_Git_Repo\\HyperExecute-Playwright-Vanilla-Javascript/package.json"}
{"level":"debug","time":"2025-02-12T18:53:18.592+0530","caller":"yamlconfigmanager/setup.go:2003","msg":"Pre command in which test type is detected - npx playwright install"}
{"level":"debug","time":"2025-02-12T18:53:18.592+0530","caller":"yamlconfigmanager/setup.go:488","msg":"Automatic test type detected - playwright"}
{"level":"debug","time":"2025-02-12T18:53:18.592+0530","caller":"yamlconfigmanager/setup.go:526","msg":"Tunnel: false"}
{"level":"info","time":"2025-02-12T18:53:18.592+0530","caller":"models/HypertestYamlConfig.go:742","msg":"\nExecution Plan"}
{"level":"info","time":"2025-02-12T18:53:18.593+0530","caller":"models/HypertestYamlConfig.go:543","msg":"Mode:    autosplit"}
{"level":"info","time":"2025-02-12T18:53:18.593+0530","caller":"models/HypertestYamlConfig.go:603","msg":"Runson:    win"}
{"level":"info","time":"2025-02-12T18:53:18.593+0530","caller":"models/HypertestYamlConfig.go:611","msg":"Concurrency:    2"}
{"level":"info","time":"2025-02-12T18:53:18.593+0530","caller":"models/HypertestYamlConfig.go:675","msg":"Report:    enabled"}
{"level":"info","time":"2025-02-12T18:53:18.593+0530","caller":"models/HypertestYamlConfig.go:707","msg":"Cache Directories:"}
{"level":"info","time":"2025-02-12T18:53:18.593+0530","caller":"models/HypertestYamlConfig.go:709","msg":"    node_modules"}
{"level":"info","time":"2025-02-12T18:53:18.594+0530","caller":"models/HypertestYamlConfig.go:755","msg":""}
{"level":"debug","time":"2025-02-12T18:53:18.594+0530","caller":"filevalidator/setup.go:49","msg":"Warning: Checking data.json file in current directory, no dataJsonPath found in .hyperexecute.yaml"}
{"level":"debug","time":"2025-02-12T18:53:18.594+0530","caller":"filevalidator/setup.go:53","msg":"Warning: data.json file doesn't exist"}
{"level":"info","time":"2025-02-12T18:53:19.271+0530","caller":"core/lifecycle.go:436","msg":"You've consumed 10.45 % of your limit. Free trial mins left - 268.65"}
{"level":"debug","time":"2025-02-12T18:53:19.271+0530","caller":"core/lifecycle.go:511","msg":"Job ID: 7cd84e5d-bf91-4293-bb9f-659386dd733c"}
{"level":"debug","time":"2025-02-12T18:53:19.271+0530","caller":"core/lifecycle.go:517","msg":"User has provided playwright as test type for the job with ID 7cd84e5d-bf91-4293-bb9f-659386dd733c"}
{"level":"debug","time":"2025-02-12T18:53:19.271+0530","caller":"events/manager.go:95","msg":"Starting event manager"}
{"level":"debug","time":"2025-02-12T18:53:19.271+0530","caller":"events/manager.go:97","msg":"SSE enabled, getting SSE connection"}
{"level":"debug","time":"2025-02-12T18:53:19.273+0530","caller":"archivemanager/setup.go:340","msg":"digestMap: map[]"}
{"level":"debug","time":"2025-02-12T18:53:19.273+0530","caller":"archivemanager/setup.go:346","msg":"Creating archive of target directory: C:\\LambdaTest_Git_Repo\\HyperExecute-Playwright-Vanilla-Javascript"}
{"level":"debug","time":"2025-02-12T18:53:19.503+0530","caller":"events/manager.go:277","msg":"connection to hyperexecute server established successfully."}
{"level":"debug","time":"2025-02-12T18:53:19.976+0530","caller":"storage/azure.go:59","msg":"Payload size: 120.34 kB, source path C:\\Users\\lparate\\AppData\\Local\\Temp\\git.diff"}
{"level":"debug","time":"2025-02-12T18:53:20.410+0530","caller":"core/lifecycle.go:654","msg":"Zip file size: 10.95 MB"}
{"level":"debug","time":"2025-02-12T18:53:20.411+0530","caller":"core/lifecycle.go:664","msg":"Archive location: C:\\LambdaTest_Git_Repo\\HyperExecute-Playwright-Vanilla-Javascript\\hyperexecute-code-7cd84e5d-bf91-4293-bb9f-659386dd733c.zip\n"}
{"level":"debug","time":"2025-02-12T18:53:21.628+0530","caller":"storage/azure.go:59","msg":"Payload size: 10.95 MB, source path C:\\LambdaTest_Git_Repo\\HyperExecute-Playwright-Vanilla-Javascript\\hyperexecute-code-7cd84e5d-bf91-4293-bb9f-659386dd733c.zip"}
{"level":"info","time":"2025-02-12T18:53:30.400+0530","caller":"storage/azure.go:114","msg":"File upload completed in 10.4444962s"}
{"level":"info","time":"2025-02-12T18:53:38.454+0530","caller":"storage/azure.go:114","msg":"File upload completed in 18.0434324s"}
{"level":"debug","time":"2025-02-12T18:53:38.454+0530","caller":"receptionmanager/setup.go:267","msg":"number of entries in runtimes: 0, switching to new yaml format"}
{"level":"debug","time":"2025-02-12T18:53:38.455+0530","caller":"receptionmanager/setup.go:306","msg":"only one partialreports entry detected, mapping it to older yaml format"}
{"level":"debug","time":"2025-02-12T18:53:38.456+0530","caller":"receptionmanager/setup.go:184","msg":"Uploading yaml : C:\\LambdaTest_Git_Repo\\HyperExecute-Playwright-Vanilla-Javascript\\.updatedhyperexecute.yaml"}
{"level":"debug","time":"2025-02-12T18:53:38.475+0530","caller":"storage/azure.go:59","msg":"Payload size: 3.50 kB, source path C:\\LambdaTest_Git_Repo\\HyperExecute-Playwright-Vanilla-Javascript\\.updatedhyperexecute.yaml"}
{"level":"info","time":"2025-02-12T18:53:49.345+0530","caller":"storage/azure.go:114","msg":"File upload completed in 10.8887251s"}
{"level":"debug","time":"2025-02-12T18:53:49.349+0530","caller":"core/lifecycle.go:691","msg":"Successfully deleted code archive: C:\\LambdaTest_Git_Repo\\HyperExecute-Playwright-Vanilla-Javascript\\hyperexecute-code-7cd84e5d-bf91-4293-bb9f-659386dd733c.zip\n"}
{"level":"debug","time":"2025-02-12T18:53:49.363+0530","caller":"storage/azure.go:59","msg":"Payload size: 594 B, source path mask-7cd84e5d-bf91-4293-bb9f-659386dd733c.yaml"}
{"level":"info","time":"2025-02-12T18:53:59.766+0530","caller":"storage/azure.go:114","msg":"File upload completed in 10.4153047s"}
{"level":"debug","time":"2025-02-12T18:54:01.232+0530","caller":"jobmanager/sse_setup.go:194","msg":"Task id: e4074b71-6aed-4bad-ab48-d4b1da579c28"}
{"level":"debug","time":"2025-02-12T18:54:01.232+0530","caller":"jobmanager/sse_setup.go:195","msg":"Sending new task alert to stage manager for taskId: e4074b71-6aed-4bad-ab48-d4b1da579c28"}
{"level":"debug","time":"2025-02-12T18:54:01.232+0530","caller":"jobmanager/sse_setup.go:194","msg":"Task id: 76530801-599f-4bc2-b5bf-f9bc56db7625"}
{"level":"debug","time":"2025-02-12T18:54:01.232+0530","caller":"jobmanager/sse_setup.go:195","msg":"Sending new task alert to stage manager for taskId: 76530801-599f-4bc2-b5bf-f9bc56db7625"}
{"level":"info","time":"2025-02-12T18:54:03.170+0530","caller":"jobmanager/sse_setup.go:85","msg":"\nJob 7cd84e5d-bf91-4293-bb9f-659386dd733c has started RUNNING"}
{"level":"info","time":"2025-02-12T18:54:03.170+0530","caller":"jobmanager/manager.go:142","msg":"Job Link: https://hyperexecute.lambdatest.com/hyperexecute/task?jobId=7cd84e5d-bf91-4293-bb9f-659386dd733c\n"}
{"level":"info","time":"2025-02-12T18:54:03.551+0530","caller":"terminal/terminal.go:187","msg":"✔ [2]  cache-download (1s)\n"}
{"level":"info","time":"2025-02-12T18:54:03.699+0530","caller":"terminal/terminal.go:187","msg":"✔ [1]  cache-download (2s)\n"}
{"level":"info","time":"2025-02-12T18:54:30.456+0530","caller":"terminal/terminal.go:187","msg":"✔ [1]  pre (27s)\n"}
{"level":"info","time":"2025-02-12T18:54:30.691+0530","caller":"terminal/terminal.go:187","msg":"✔ [1]  discovery (1s)\n"}
{"level":"info","time":"2025-02-12T18:54:30.806+0530","caller":"terminal/terminal.go:187","msg":"✔ [2]  pre (28s)\n"}
{"level":"info","time":"2025-02-12T18:54:31.255+0530","caller":"terminal/terminal.go:187","msg":"✔ [2]  discovery (1s)\n"}
{"level":"info","time":"2025-02-12T18:55:18.326+0530","caller":"terminal/terminal.go:187","msg":"x [1]  tests/scenario_3.spec.js (46s)\n"}
{"level":"debug","time":"2025-02-12T18:55:21.153+0530","caller":"jobmanager/sse_setup.go:136","msg":"\n\nJob status"}
{"level":"info","time":"2025-02-12T18:55:21.153+0530","caller":"core/lifecycle.go:776","msg":"taskId:e4074b71-6aed-4bad-ab48-d4b1da579c28 has failed with remark: error in running test suites - step 1 - exit status 1\n"}
{"level":"debug","time":"2025-02-12T18:55:21.153+0530","caller":"core/lifecycle.go:874","msg":"Context canceled"}
{"level":"info","time":"2025-02-12T18:55:21.153+0530","caller":"core/lifecycle.go:877","msg":"Stopping pipeline gracefully"}
{"level":"error","time":"2025-02-12T18:55:21.154+0530","caller":"core/lifecycle.go:880","msg":"2025-02-12T18:53:17+05:30    error    Exiting with error: Failed tasks found."}
{"level":"info","time":"2025-02-12T18:55:21.154+0530","caller":"jobmanager/manager.go:142","msg":"Job Link: https://hyperexecute.lambdatest.com/hyperexecute/task?jobId=7cd84e5d-bf91-4293-bb9f-659386dd733c\n"}
{"level":"debug","time":"2025-02-12T18:55:21.154+0530","caller":"core/lifecycle.go:57","msg":"Quit requested from main goroutine...."}
{"level":"debug","time":"2025-02-12T18:55:21.154+0530","caller":"core/lifecycle.go:58","msg":"Waiting for the goroutines to exit"}
{"level":"info","time":"2025-02-12T18:55:21.196+0530","caller":"jobmanager/JobSummaryManager.go:54","msg":"\n FAILED \n"}
{"level":"info","time":"2025-02-12T18:55:21.196+0530","caller":"jobmanager/JobSummaryManager.go:113","msg":"    Test Execution Time:                  33s"}
{"level":"info","time":"2025-02-12T18:55:21.196+0530","caller":"jobmanager/JobSummaryManager.go:113","msg":"    Job Duration Time:                    1m17s"}
{"level":"info","time":"2025-02-12T18:55:21.196+0530","caller":"jobmanager/JobSummaryManager.go:113","msg":"    Total Tasks:                          2"}
{"level":"info","time":"2025-02-12T18:55:21.197+0530","caller":"jobmanager/JobSummaryManager.go:113","msg":"    Cumulative Time Consumed:             1m46s"}
{"level":"info","time":"2025-02-12T18:55:21.197+0530","caller":"jobmanager/JobSummaryManager.go:113","msg":"    Total Stages:                         5"}
{"level":"info","time":"2025-02-12T18:55:21.197+0530","caller":"jobmanager/JobSummaryManager.go:113","msg":"    Pass discovery stage percentage:      100.00%"}
{"level":"info","time":"2025-02-12T18:55:21.197+0530","caller":"jobmanager/JobSummaryManager.go:113","msg":"    Failed discovery stage percentage:    0.00%"}
{"level":"info","time":"2025-02-12T18:55:21.197+0530","caller":"jobmanager/JobSummaryManager.go:113","msg":"    Pass pre stage percentage:            100.00%"}
{"level":"info","time":"2025-02-12T18:55:21.197+0530","caller":"jobmanager/JobSummaryManager.go:113","msg":"    Failed pre stage percentage:          0.00%"}
{"level":"info","time":"2025-02-12T18:55:21.197+0530","caller":"jobmanager/JobSummaryManager.go:113","msg":"    Pass test stage percentage:           0.00%"}
{"level":"info","time":"2025-02-12T18:55:21.198+0530","caller":"jobmanager/JobSummaryManager.go:113","msg":"    Failed test stage percentage:         100.00%"}
{"level":"info","time":"2025-02-12T18:55:21.198+0530","caller":"jobmanager/JobSummaryManager.go:113","msg":"    Pass post stage percentage:           0.00%"}
{"level":"info","time":"2025-02-12T18:55:21.198+0530","caller":"jobmanager/JobSummaryManager.go:113","msg":"    Failed post stage percentage:         0.00%"}
{"level":"info","time":"2025-02-12T18:55:21.198+0530","caller":"jobmanager/JobSummaryManager.go:113","msg":"    Failed Tasks:                         1"}
{"level":"info","time":"2025-02-12T18:55:21.198+0530","caller":"jobmanager/JobSummaryManager.go:58","msg":""}
{"level":"debug","time":"2025-02-12T18:55:51.169+0530","caller":"cmd/bin.go:330","msg":"main: all goroutines have finished."}
{"level":"debug","time":"2025-02-12T18:55:51.169+0530","caller":"cmd/bin.go:369","msg":"Exiting application due to error Failed tasks found."}
{"level":"debug","time":"2025-02-12T18:56:32.725+0530","caller":"cmd/bin.go:121","msg":"cli os: windows, cli arch: amd64"}
{"level":"debug","time":"2025-02-12T18:56:32.779+0530","caller":"cmd/bin.go:130","msg":"Upstream version details: {Name:cli Min:0.2.195 Max:0.2.257} "}
{"level":"debug","time":"2025-02-12T18:56:32.931+0530","caller":"core/lifecycle.go:106","msg":"Setting environment"}
{"level":"debug","time":"2025-02-12T18:56:32.932+0530","caller":"core/lifecycle.go:109","msg":"Parsing config"}
{"level":"debug","time":"2025-02-12T18:56:32.932+0530","caller":"yamlconfigmanager/setup.go:680","msg":"Custom location for .hyperexecute.yaml specified. Using: hyperexecute.yaml"}
{"level":"debug","time":"2025-02-12T18:56:32.933+0530","caller":"yamlconfigmanager/setup.go:110","msg":"using hyperexecute config from : hyperexecute.yaml"}
{"level":"debug","time":"2025-02-12T18:56:33.048+0530","caller":"yamlconfigmanager/setup.go:1960","msg":"Autodetecting test type in files of path : C:\\LambdaTest_Git_Repo\\HyperExecute-Playwright-Vanilla-Javascript"}
{"level":"debug","time":"2025-02-12T18:56:33.059+0530","caller":"yamlconfigmanager/setup.go:2002","msg":"File in which test type is detected - C:\\LambdaTest_Git_Repo\\HyperExecute-Playwright-Vanilla-Javascript/package.json"}
{"level":"debug","time":"2025-02-12T18:56:33.059+0530","caller":"yamlconfigmanager/setup.go:2003","msg":"Pre command in which test type is detected - npx playwright install"}
{"level":"debug","time":"2025-02-12T18:56:33.059+0530","caller":"yamlconfigmanager/setup.go:488","msg":"Automatic test type detected - playwright"}
{"level":"debug","time":"2025-02-12T18:56:33.059+0530","caller":"yamlconfigmanager/setup.go:526","msg":"Tunnel: false"}
{"level":"info","time":"2025-02-12T18:56:33.059+0530","caller":"models/HypertestYamlConfig.go:742","msg":"\nExecution Plan"}
{"level":"info","time":"2025-02-12T18:56:33.060+0530","caller":"models/HypertestYamlConfig.go:543","msg":"Mode:    autosplit"}
{"level":"info","time":"2025-02-12T18:56:33.060+0530","caller":"models/HypertestYamlConfig.go:603","msg":"Runson:    win"}
{"level":"info","time":"2025-02-12T18:56:33.060+0530","caller":"models/HypertestYamlConfig.go:611","msg":"Concurrency:    2"}
{"level":"info","time":"2025-02-12T18:56:33.060+0530","caller":"models/HypertestYamlConfig.go:675","msg":"Report:    enabled"}
{"level":"info","time":"2025-02-12T18:56:33.060+0530","caller":"models/HypertestYamlConfig.go:707","msg":"Cache Directories:"}
{"level":"info","time":"2025-02-12T18:56:33.061+0530","caller":"models/HypertestYamlConfig.go:709","msg":"    node_modules"}
{"level":"info","time":"2025-02-12T18:56:33.061+0530","caller":"models/HypertestYamlConfig.go:755","msg":""}
{"level":"debug","time":"2025-02-12T18:56:33.061+0530","caller":"filevalidator/setup.go:49","msg":"Warning: Checking data.json file in current directory, no dataJsonPath found in .hyperexecute.yaml"}
{"level":"debug","time":"2025-02-12T18:56:33.061+0530","caller":"filevalidator/setup.go:53","msg":"Warning: data.json file doesn't exist"}
{"level":"info","time":"2025-02-12T18:56:33.312+0530","caller":"core/lifecycle.go:436","msg":"You've consumed 11.05 % of your limit. Free trial mins left - 266.86"}
{"level":"debug","time":"2025-02-12T18:56:33.312+0530","caller":"core/lifecycle.go:511","msg":"Job ID: 4cab14c7-5f51-4d08-96ff-29554cf1585f"}
{"level":"debug","time":"2025-02-12T18:56:33.312+0530","caller":"core/lifecycle.go:517","msg":"User has provided playwright as test type for the job with ID 4cab14c7-5f51-4d08-96ff-29554cf1585f"}
{"level":"debug","time":"2025-02-12T18:56:33.312+0530","caller":"events/manager.go:95","msg":"Starting event manager"}
{"level":"debug","time":"2025-02-12T18:56:33.312+0530","caller":"events/manager.go:97","msg":"SSE enabled, getting SSE connection"}
{"level":"debug","time":"2025-02-12T18:56:33.313+0530","caller":"archivemanager/setup.go:340","msg":"digestMap: map[]"}
{"level":"debug","time":"2025-02-12T18:56:33.313+0530","caller":"archivemanager/setup.go:346","msg":"Creating archive of target directory: C:\\LambdaTest_Git_Repo\\HyperExecute-Playwright-Vanilla-Javascript"}
{"level":"debug","time":"2025-02-12T18:56:33.423+0530","caller":"events/manager.go:277","msg":"connection to hyperexecute server established successfully."}
{"level":"debug","time":"2025-02-12T18:56:33.998+0530","caller":"storage/azure.go:59","msg":"Payload size: 120.34 kB, source path C:\\Users\\lparate\\AppData\\Local\\Temp\\git.diff"}
{"level":"debug","time":"2025-02-12T18:56:34.472+0530","caller":"core/lifecycle.go:654","msg":"Zip file size: 10.95 MB"}
{"level":"debug","time":"2025-02-12T18:56:34.472+0530","caller":"core/lifecycle.go:664","msg":"Archive location: C:\\LambdaTest_Git_Repo\\HyperExecute-Playwright-Vanilla-Javascript\\hyperexecute-code-4cab14c7-5f51-4d08-96ff-29554cf1585f.zip\n"}
{"level":"debug","time":"2025-02-12T18:56:35.720+0530","caller":"storage/azure.go:59","msg":"Payload size: 10.95 MB, source path C:\\LambdaTest_Git_Repo\\HyperExecute-Playwright-Vanilla-Javascript\\hyperexecute-code-4cab14c7-5f51-4d08-96ff-29554cf1585f.zip"}
{"level":"info","time":"2025-02-12T18:56:44.419+0530","caller":"storage/azure.go:114","msg":"File upload completed in 10.4436496s"}
{"level":"info","time":"2025-02-12T18:56:52.990+0530","caller":"storage/azure.go:114","msg":"File upload completed in 18.5180621s"}
{"level":"debug","time":"2025-02-12T18:56:52.992+0530","caller":"receptionmanager/setup.go:267","msg":"number of entries in runtimes: 0, switching to new yaml format"}
{"level":"debug","time":"2025-02-12T18:56:52.993+0530","caller":"receptionmanager/setup.go:306","msg":"only one partialreports entry detected, mapping it to older yaml format"}
{"level":"debug","time":"2025-02-12T18:56:52.995+0530","caller":"receptionmanager/setup.go:184","msg":"Uploading yaml : C:\\LambdaTest_Git_Repo\\HyperExecute-Playwright-Vanilla-Javascript\\.updatedhyperexecute.yaml"}
{"level":"debug","time":"2025-02-12T18:56:53.013+0530","caller":"storage/azure.go:59","msg":"Payload size: 3.50 kB, source path C:\\LambdaTest_Git_Repo\\HyperExecute-Playwright-Vanilla-Javascript\\.updatedhyperexecute.yaml"}
{"level":"info","time":"2025-02-12T18:57:04.280+0530","caller":"storage/azure.go:114","msg":"File upload completed in 11.2851753s"}
{"level":"debug","time":"2025-02-12T18:57:04.283+0530","caller":"core/lifecycle.go:691","msg":"Successfully deleted code archive: C:\\LambdaTest_Git_Repo\\HyperExecute-Playwright-Vanilla-Javascript\\hyperexecute-code-4cab14c7-5f51-4d08-96ff-29554cf1585f.zip\n"}
{"level":"debug","time":"2025-02-12T18:57:04.299+0530","caller":"storage/azure.go:59","msg":"Payload size: 594 B, source path mask-4cab14c7-5f51-4d08-96ff-29554cf1585f.yaml"}
{"level":"info","time":"2025-02-12T18:57:14.687+0530","caller":"storage/azure.go:114","msg":"File upload completed in 10.4022016s"}
{"level":"debug","time":"2025-02-12T18:57:16.101+0530","caller":"jobmanager/sse_setup.go:194","msg":"Task id: d1f54f12-e8d9-4f1c-a6ae-e61c4079728a"}
{"level":"debug","time":"2025-02-12T18:57:16.101+0530","caller":"jobmanager/sse_setup.go:195","msg":"Sending new task alert to stage manager for taskId: d1f54f12-e8d9-4f1c-a6ae-e61c4079728a"}
{"level":"debug","time":"2025-02-12T18:57:16.101+0530","caller":"jobmanager/sse_setup.go:194","msg":"Task id: b3226772-0819-42bd-85e1-9e30f983c794"}
{"level":"debug","time":"2025-02-12T18:57:16.101+0530","caller":"jobmanager/sse_setup.go:195","msg":"Sending new task alert to stage manager for taskId: b3226772-0819-42bd-85e1-9e30f983c794"}
{"level":"info","time":"2025-02-12T18:57:17.933+0530","caller":"jobmanager/sse_setup.go:85","msg":"\nJob 4cab14c7-5f51-4d08-96ff-29554cf1585f has started RUNNING"}
{"level":"info","time":"2025-02-12T18:57:17.933+0530","caller":"jobmanager/manager.go:142","msg":"Job Link: https://hyperexecute.lambdatest.com/hyperexecute/task?jobId=4cab14c7-5f51-4d08-96ff-29554cf1585f\n"}
{"level":"info","time":"2025-02-12T18:57:18.282+0530","caller":"terminal/terminal.go:187","msg":"✔ [1]  cache-download (1s)\n"}
{"level":"info","time":"2025-02-12T18:57:18.472+0530","caller":"terminal/terminal.go:187","msg":"✔ [2]  cache-download (1s)\n"}
{"level":"info","time":"2025-02-12T18:57:47.674+0530","caller":"terminal/terminal.go:187","msg":"✔ [1]  pre (30s)\n"}
{"level":"info","time":"2025-02-12T18:57:48.021+0530","caller":"terminal/terminal.go:187","msg":"✔ [1]  discovery (1s)\n"}
{"level":"info","time":"2025-02-12T18:57:48.112+0530","caller":"terminal/terminal.go:187","msg":"✔ [2]  pre (30s)\n"}
{"level":"info","time":"2025-02-12T18:57:48.378+0530","caller":"terminal/terminal.go:187","msg":"✔ [2]  discovery (0s)\n"}
{"level":"info","time":"2025-02-12T18:58:54.433+0530","caller":"terminal/terminal.go:187","msg":"x [1]  tests/scenario_3.spec.js (1m5s)\n"}
{"level":"debug","time":"2025-02-12T18:58:57.153+0530","caller":"jobmanager/sse_setup.go:136","msg":"\n\nJob status"}
{"level":"info","time":"2025-02-12T18:58:57.153+0530","caller":"core/lifecycle.go:776","msg":"taskId:d1f54f12-e8d9-4f1c-a6ae-e61c4079728a has failed with remark: error in running test suites - step 1 - exit status 1\n"}
{"level":"debug","time":"2025-02-12T18:58:57.153+0530","caller":"core/lifecycle.go:874","msg":"Context canceled"}
{"level":"info","time":"2025-02-12T18:58:57.153+0530","caller":"core/lifecycle.go:877","msg":"Stopping pipeline gracefully"}
{"level":"error","time":"2025-02-12T18:58:57.153+0530","caller":"core/lifecycle.go:880","msg":"2025-02-12T18:56:32+05:30    error    Exiting with error: Failed tasks found."}
{"level":"info","time":"2025-02-12T18:58:57.154+0530","caller":"jobmanager/manager.go:142","msg":"Job Link: https://hyperexecute.lambdatest.com/hyperexecute/task?jobId=4cab14c7-5f51-4d08-96ff-29554cf1585f\n"}
{"level":"debug","time":"2025-02-12T18:58:57.154+0530","caller":"core/lifecycle.go:57","msg":"Quit requested from main goroutine...."}
{"level":"debug","time":"2025-02-12T18:58:57.154+0530","caller":"core/lifecycle.go:58","msg":"Waiting for the goroutines to exit"}
{"level":"info","time":"2025-02-12T18:58:57.209+0530","caller":"jobmanager/JobSummaryManager.go:54","msg":"\n FAILED \n"}
{"level":"info","time":"2025-02-12T18:58:57.209+0530","caller":"jobmanager/JobSummaryManager.go:113","msg":"    Test Execution Time:                  52s"}
{"level":"info","time":"2025-02-12T18:58:57.209+0530","caller":"jobmanager/JobSummaryManager.go:113","msg":"    Job Duration Time:                    1m39s"}
{"level":"info","time":"2025-02-12T18:58:57.210+0530","caller":"jobmanager/JobSummaryManager.go:113","msg":"    Total Tasks:                          2"}
{"level":"info","time":"2025-02-12T18:58:57.210+0530","caller":"jobmanager/JobSummaryManager.go:113","msg":"    Cumulative Time Consumed:             2m11s"}
{"level":"info","time":"2025-02-12T18:58:57.210+0530","caller":"jobmanager/JobSummaryManager.go:113","msg":"    Total Stages:                         5"}
{"level":"info","time":"2025-02-12T18:58:57.210+0530","caller":"jobmanager/JobSummaryManager.go:113","msg":"    Pass discovery stage percentage:      100.00%"}
{"level":"info","time":"2025-02-12T18:58:57.210+0530","caller":"jobmanager/JobSummaryManager.go:113","msg":"    Failed discovery stage percentage:    0.00%"}
{"level":"info","time":"2025-02-12T18:58:57.210+0530","caller":"jobmanager/JobSummaryManager.go:113","msg":"    Pass pre stage percentage:            100.00%"}
{"level":"info","time":"2025-02-12T18:58:57.211+0530","caller":"jobmanager/JobSummaryManager.go:113","msg":"    Failed pre stage percentage:          0.00%"}
{"level":"info","time":"2025-02-12T18:58:57.211+0530","caller":"jobmanager/JobSummaryManager.go:113","msg":"    Pass test stage percentage:           0.00%"}
{"level":"info","time":"2025-02-12T18:58:57.211+0530","caller":"jobmanager/JobSummaryManager.go:113","msg":"    Failed test stage percentage:         100.00%"}
{"level":"info","time":"2025-02-12T18:58:57.211+0530","caller":"jobmanager/JobSummaryManager.go:113","msg":"    Pass post stage percentage:           0.00%"}
{"level":"info","time":"2025-02-12T18:58:57.211+0530","caller":"jobmanager/JobSummaryManager.go:113","msg":"    Failed post stage percentage:         0.00%"}
{"level":"info","time":"2025-02-12T18:58:57.211+0530","caller":"jobmanager/JobSummaryManager.go:113","msg":"    Failed Tasks:                         1"}
{"level":"info","time":"2025-02-12T18:58:57.211+0530","caller":"jobmanager/JobSummaryManager.go:58","msg":""}
{"level":"debug","time":"2025-02-12T18:59:27.165+0530","caller":"cmd/bin.go:330","msg":"main: all goroutines have finished."}
{"level":"debug","time":"2025-02-12T18:59:27.165+0530","caller":"cmd/bin.go:369","msg":"Exiting application due to error Failed tasks found."}
{"level":"debug","time":"2025-02-12T19:00:49.235+0530","caller":"cmd/bin.go:121","msg":"cli os: windows, cli arch: amd64"}
{"level":"debug","time":"2025-02-12T19:00:49.279+0530","caller":"cmd/bin.go:130","msg":"Upstream version details: {Name:cli Min:0.2.195 Max:0.2.257} "}
{"level":"debug","time":"2025-02-12T19:00:49.549+0530","caller":"core/lifecycle.go:106","msg":"Setting environment"}
{"level":"debug","time":"2025-02-12T19:00:49.550+0530","caller":"core/lifecycle.go:109","msg":"Parsing config"}
{"level":"debug","time":"2025-02-12T19:00:49.550+0530","caller":"yamlconfigmanager/setup.go:680","msg":"Custom location for .hyperexecute.yaml specified. Using: hyperexecute.yaml"}
{"level":"debug","time":"2025-02-12T19:00:49.550+0530","caller":"yamlconfigmanager/setup.go:110","msg":"using hyperexecute config from : hyperexecute.yaml"}
{"level":"debug","time":"2025-02-12T19:00:49.650+0530","caller":"yamlconfigmanager/setup.go:1960","msg":"Autodetecting test type in files of path : C:\\LambdaTest_Git_Repo\\HyperExecute-Playwright-Vanilla-Javascript"}
{"level":"debug","time":"2025-02-12T19:00:49.650+0530","caller":"yamlconfigmanager/setup.go:2002","msg":"File in which test type is detected - C:\\LambdaTest_Git_Repo\\HyperExecute-Playwright-Vanilla-Javascript/package.json"}
{"level":"debug","time":"2025-02-12T19:00:49.650+0530","caller":"yamlconfigmanager/setup.go:2003","msg":"Pre command in which test type is detected - npx playwright install"}
{"level":"debug","time":"2025-02-12T19:00:49.650+0530","caller":"yamlconfigmanager/setup.go:488","msg":"Automatic test type detected - playwright"}
{"level":"debug","time":"2025-02-12T19:00:49.650+0530","caller":"yamlconfigmanager/setup.go:526","msg":"Tunnel: false"}
{"level":"info","time":"2025-02-12T19:00:49.650+0530","caller":"models/HypertestYamlConfig.go:742","msg":"\nExecution Plan"}
{"level":"info","time":"2025-02-12T19:00:49.651+0530","caller":"models/HypertestYamlConfig.go:543","msg":"Mode:    autosplit"}
{"level":"info","time":"2025-02-12T19:00:49.651+0530","caller":"models/HypertestYamlConfig.go:603","msg":"Runson:    win"}
{"level":"info","time":"2025-02-12T19:00:49.651+0530","caller":"models/HypertestYamlConfig.go:611","msg":"Concurrency:    2"}
{"level":"info","time":"2025-02-12T19:00:49.651+0530","caller":"models/HypertestYamlConfig.go:675","msg":"Report:    enabled"}
{"level":"info","time":"2025-02-12T19:00:49.651+0530","caller":"models/HypertestYamlConfig.go:707","msg":"Cache Directories:"}
{"level":"info","time":"2025-02-12T19:00:49.652+0530","caller":"models/HypertestYamlConfig.go:709","msg":"    node_modules"}
{"level":"info","time":"2025-02-12T19:00:49.652+0530","caller":"models/HypertestYamlConfig.go:755","msg":""}
{"level":"debug","time":"2025-02-12T19:00:49.652+0530","caller":"filevalidator/setup.go:49","msg":"Warning: Checking data.json file in current directory, no dataJsonPath found in .hyperexecute.yaml"}
{"level":"debug","time":"2025-02-12T19:00:49.652+0530","caller":"filevalidator/setup.go:53","msg":"Warning: data.json file doesn't exist"}
{"level":"info","time":"2025-02-12T19:00:49.865+0530","caller":"core/lifecycle.go:436","msg":"You've consumed 11.78 % of your limit. Free trial mins left - 264.65"}
{"level":"debug","time":"2025-02-12T19:00:49.865+0530","caller":"core/lifecycle.go:511","msg":"Job ID: 607d42cf-31f8-46a5-a8e9-9bb8907c1ec4"}
{"level":"debug","time":"2025-02-12T19:00:49.865+0530","caller":"core/lifecycle.go:517","msg":"User has provided playwright as test type for the job with ID 607d42cf-31f8-46a5-a8e9-9bb8907c1ec4"}
{"level":"debug","time":"2025-02-12T19:00:49.865+0530","caller":"events/manager.go:95","msg":"Starting event manager"}
{"level":"debug","time":"2025-02-12T19:00:49.865+0530","caller":"events/manager.go:97","msg":"SSE enabled, getting SSE connection"}
{"level":"debug","time":"2025-02-12T19:00:49.866+0530","caller":"archivemanager/setup.go:340","msg":"digestMap: map[]"}
{"level":"debug","time":"2025-02-12T19:00:49.866+0530","caller":"archivemanager/setup.go:346","msg":"Creating archive of target directory: C:\\LambdaTest_Git_Repo\\HyperExecute-Playwright-Vanilla-Javascript"}
{"level":"debug","time":"2025-02-12T19:00:50.130+0530","caller":"events/manager.go:277","msg":"connection to hyperexecute server established successfully."}
{"level":"debug","time":"2025-02-12T19:00:50.556+0530","caller":"storage/azure.go:59","msg":"Payload size: 120.34 kB, source path C:\\Users\\lparate\\AppData\\Local\\Temp\\git.diff"}
{"level":"debug","time":"2025-02-12T19:00:50.762+0530","caller":"core/lifecycle.go:654","msg":"Zip file size: 10.95 MB"}
{"level":"debug","time":"2025-02-12T19:00:50.762+0530","caller":"core/lifecycle.go:664","msg":"Archive location: C:\\LambdaTest_Git_Repo\\HyperExecute-Playwright-Vanilla-Javascript\\hyperexecute-code-607d42cf-31f8-46a5-a8e9-9bb8907c1ec4.zip\n"}
{"level":"debug","time":"2025-02-12T19:00:51.964+0530","caller":"storage/azure.go:59","msg":"Payload size: 10.95 MB, source path C:\\LambdaTest_Git_Repo\\HyperExecute-Playwright-Vanilla-Javascript\\hyperexecute-code-607d42cf-31f8-46a5-a8e9-9bb8907c1ec4.zip"}
{"level":"info","time":"2025-02-12T19:01:00.959+0530","caller":"storage/azure.go:114","msg":"File upload completed in 10.4280317s"}
{"level":"info","time":"2025-02-12T19:01:09.524+0530","caller":"storage/azure.go:114","msg":"File upload completed in 18.7616542s"}
{"level":"debug","time":"2025-02-12T19:01:09.525+0530","caller":"receptionmanager/setup.go:267","msg":"number of entries in runtimes: 0, switching to new yaml format"}
{"level":"debug","time":"2025-02-12T19:01:09.525+0530","caller":"receptionmanager/setup.go:306","msg":"only one partialreports entry detected, mapping it to older yaml format"}
{"level":"debug","time":"2025-02-12T19:01:09.526+0530","caller":"receptionmanager/setup.go:184","msg":"Uploading yaml : C:\\LambdaTest_Git_Repo\\HyperExecute-Playwright-Vanilla-Javascript\\.updatedhyperexecute.yaml"}
{"level":"debug","time":"2025-02-12T19:01:09.547+0530","caller":"storage/azure.go:59","msg":"Payload size: 3.50 kB, source path C:\\LambdaTest_Git_Repo\\HyperExecute-Playwright-Vanilla-Javascript\\.updatedhyperexecute.yaml"}
{"level":"info","time":"2025-02-12T19:01:20.508+0530","caller":"storage/azure.go:114","msg":"File upload completed in 10.9822714s"}
{"level":"debug","time":"2025-02-12T19:01:20.512+0530","caller":"core/lifecycle.go:691","msg":"Successfully deleted code archive: C:\\LambdaTest_Git_Repo\\HyperExecute-Playwright-Vanilla-Javascript\\hyperexecute-code-607d42cf-31f8-46a5-a8e9-9bb8907c1ec4.zip\n"}
{"level":"debug","time":"2025-02-12T19:01:20.536+0530","caller":"storage/azure.go:59","msg":"Payload size: 594 B, source path mask-607d42cf-31f8-46a5-a8e9-9bb8907c1ec4.yaml"}
{"level":"info","time":"2025-02-12T19:01:30.939+0530","caller":"storage/azure.go:114","msg":"File upload completed in 10.4235098s"}
{"level":"debug","time":"2025-02-12T19:01:32.375+0530","caller":"jobmanager/sse_setup.go:194","msg":"Task id: 5d1f55c7-6de5-43d9-9e1e-c75780d5c0a9"}
{"level":"debug","time":"2025-02-12T19:01:32.375+0530","caller":"jobmanager/sse_setup.go:195","msg":"Sending new task alert to stage manager for taskId: 5d1f55c7-6de5-43d9-9e1e-c75780d5c0a9"}
{"level":"debug","time":"2025-02-12T19:01:32.375+0530","caller":"jobmanager/sse_setup.go:194","msg":"Task id: 522ce0f1-8881-4ceb-972e-07fa75b22de1"}
{"level":"debug","time":"2025-02-12T19:01:32.375+0530","caller":"jobmanager/sse_setup.go:195","msg":"Sending new task alert to stage manager for taskId: 522ce0f1-8881-4ceb-972e-07fa75b22de1"}
{"level":"info","time":"2025-02-12T19:01:34.285+0530","caller":"jobmanager/sse_setup.go:85","msg":"\nJob 607d42cf-31f8-46a5-a8e9-9bb8907c1ec4 has started RUNNING"}
{"level":"info","time":"2025-02-12T19:01:34.285+0530","caller":"jobmanager/manager.go:142","msg":"Job Link: https://hyperexecute.lambdatest.com/hyperexecute/task?jobId=607d42cf-31f8-46a5-a8e9-9bb8907c1ec4\n"}
{"level":"info","time":"2025-02-12T19:01:34.741+0530","caller":"terminal/terminal.go:187","msg":"✔ [1]  cache-download (2s)\n"}
{"level":"info","time":"2025-02-12T19:01:34.754+0530","caller":"terminal/terminal.go:187","msg":"✔ [2]  cache-download (2s)\n"}
{"level":"info","time":"2025-02-12T19:02:05.366+0530","caller":"terminal/terminal.go:187","msg":"✔ [1]  pre (31s)\n"}
{"level":"info","time":"2025-02-12T19:02:05.751+0530","caller":"terminal/terminal.go:187","msg":"✔ [1]  discovery (1s)\n"}
{"level":"info","time":"2025-02-12T19:02:06.450+0530","caller":"terminal/terminal.go:187","msg":"✔ [2]  pre (32s)\n"}
{"level":"info","time":"2025-02-12T19:02:06.994+0530","caller":"terminal/terminal.go:187","msg":"✔ [2]  discovery (1s)\n"}
{"level":"info","time":"2025-02-12T19:02:33.844+0530","caller":"terminal/terminal.go:187","msg":"✔ [1]  tests/scenario_3.spec.js (24s)\n"}
{"level":"debug","time":"2025-02-12T19:02:36.810+0530","caller":"jobmanager/sse_setup.go:136","msg":"\n\nJob status"}
{"level":"debug","time":"2025-02-12T19:02:36.810+0530","caller":"core/lifecycle.go:874","msg":"Context canceled"}
{"level":"info","time":"2025-02-12T19:02:36.810+0530","caller":"core/lifecycle.go:877","msg":"Stopping pipeline gracefully"}
{"level":"info","time":"2025-02-12T19:02:36.810+0530","caller":"jobmanager/manager.go:142","msg":"Job Link: https://hyperexecute.lambdatest.com/hyperexecute/task?jobId=607d42cf-31f8-46a5-a8e9-9bb8907c1ec4\n"}
{"level":"debug","time":"2025-02-12T19:02:36.811+0530","caller":"core/lifecycle.go:57","msg":"Quit requested from main goroutine...."}
{"level":"debug","time":"2025-02-12T19:02:36.811+0530","caller":"core/lifecycle.go:58","msg":"Waiting for the goroutines to exit"}
{"level":"info","time":"2025-02-12T19:02:36.850+0530","caller":"jobmanager/JobSummaryManager.go:54","msg":"\n COMPLETED \n"}
{"level":"info","time":"2025-02-12T19:02:36.850+0530","caller":"jobmanager/JobSummaryManager.go:113","msg":"    Test Execution Time:                  10s"}
{"level":"info","time":"2025-02-12T19:02:36.850+0530","caller":"jobmanager/JobSummaryManager.go:113","msg":"    Job Duration Time:                    1m2s"}
{"level":"info","time":"2025-02-12T19:02:36.850+0530","caller":"jobmanager/JobSummaryManager.go:113","msg":"    Total Tasks:                          2"}
{"level":"info","time":"2025-02-12T19:02:36.852+0530","caller":"jobmanager/JobSummaryManager.go:113","msg":"    Cumulative Time Consumed:             1m36s"}
{"level":"info","time":"2025-02-12T19:02:36.852+0530","caller":"jobmanager/JobSummaryManager.go:113","msg":"    Total Stages:                         5"}
{"level":"info","time":"2025-02-12T19:02:36.852+0530","caller":"jobmanager/JobSummaryManager.go:113","msg":"    Pass discovery stage percentage:      100.00%"}
{"level":"info","time":"2025-02-12T19:02:36.852+0530","caller":"jobmanager/JobSummaryManager.go:113","msg":"    Failed discovery stage percentage:    0.00%"}
{"level":"info","time":"2025-02-12T19:02:36.852+0530","caller":"jobmanager/JobSummaryManager.go:113","msg":"    Pass pre stage percentage:            100.00%"}
{"level":"info","time":"2025-02-12T19:02:36.852+0530","caller":"jobmanager/JobSummaryManager.go:113","msg":"    Failed pre stage percentage:          0.00%"}
{"level":"info","time":"2025-02-12T19:02:36.852+0530","caller":"jobmanager/JobSummaryManager.go:113","msg":"    Pass test stage percentage:           100.00%"}
{"level":"info","time":"2025-02-12T19:02:36.853+0530","caller":"jobmanager/JobSummaryManager.go:113","msg":"    Failed test stage percentage:         0.00%"}
{"level":"info","time":"2025-02-12T19:02:36.853+0530","caller":"jobmanager/JobSummaryManager.go:113","msg":"    Pass post stage percentage:           0.00%"}
{"level":"info","time":"2025-02-12T19:02:36.853+0530","caller":"jobmanager/JobSummaryManager.go:113","msg":"    Failed post stage percentage:         0.00%"}
{"level":"info","time":"2025-02-12T19:02:36.853+0530","caller":"jobmanager/JobSummaryManager.go:113","msg":"    Failed Tasks:                         0"}
{"level":"info","time":"2025-02-12T19:02:36.853+0530","caller":"jobmanager/JobSummaryManager.go:58","msg":""}
{"level":"debug","time":"2025-02-12T19:03:06.822+0530","caller":"cmd/bin.go:330","msg":"main: all goroutines have finished."}
{"level":"debug","time":"2025-02-12T19:31:23.862+0530","caller":"cmd/bin.go:121","msg":"cli os: windows, cli arch: amd64"}
{"level":"debug","time":"2025-02-12T19:31:24.175+0530","caller":"cmd/bin.go:130","msg":"Upstream version details: {Name:cli Min:0.2.195 Max:0.2.257} "}
{"level":"debug","time":"2025-02-12T19:31:24.983+0530","caller":"core/lifecycle.go:106","msg":"Setting environment"}
{"level":"debug","time":"2025-02-12T19:31:24.983+0530","caller":"core/lifecycle.go:109","msg":"Parsing config"}
{"level":"debug","time":"2025-02-12T19:31:24.984+0530","caller":"yamlconfigmanager/setup.go:680","msg":"Custom location for .hyperexecute.yaml specified. Using: hyperexecute.yaml"}
{"level":"debug","time":"2025-02-12T19:31:24.984+0530","caller":"yamlconfigmanager/setup.go:110","msg":"using hyperexecute config from : hyperexecute.yaml"}
{"level":"debug","time":"2025-02-12T19:31:25.826+0530","caller":"yamlconfigmanager/setup.go:1960","msg":"Autodetecting test type in files of path : C:\\LambdaTest_Git_Repo\\HyperExecute-Playwright-Vanilla-Javascript"}
{"level":"debug","time":"2025-02-12T19:31:25.826+0530","caller":"yamlconfigmanager/setup.go:2002","msg":"File in which test type is detected - C:\\LambdaTest_Git_Repo\\HyperExecute-Playwright-Vanilla-Javascript/package.json"}
{"level":"debug","time":"2025-02-12T19:31:25.826+0530","caller":"yamlconfigmanager/setup.go:2003","msg":"Pre command in which test type is detected - npx playwright install"}
{"level":"debug","time":"2025-02-12T19:31:25.826+0530","caller":"yamlconfigmanager/setup.go:488","msg":"Automatic test type detected - playwright"}
{"level":"debug","time":"2025-02-12T19:31:25.826+0530","caller":"yamlconfigmanager/setup.go:526","msg":"Tunnel: false"}
{"level":"info","time":"2025-02-12T19:31:25.826+0530","caller":"models/HypertestYamlConfig.go:742","msg":"\nExecution Plan"}
{"level":"info","time":"2025-02-12T19:31:25.827+0530","caller":"models/HypertestYamlConfig.go:543","msg":"Mode:    autosplit"}
{"level":"info","time":"2025-02-12T19:31:25.827+0530","caller":"models/HypertestYamlConfig.go:603","msg":"Runson:    win"}
{"level":"info","time":"2025-02-12T19:31:25.827+0530","caller":"models/HypertestYamlConfig.go:611","msg":"Concurrency:    2"}
{"level":"info","time":"2025-02-12T19:31:25.827+0530","caller":"models/HypertestYamlConfig.go:675","msg":"Report:    enabled"}
{"level":"info","time":"2025-02-12T19:31:25.827+0530","caller":"models/HypertestYamlConfig.go:707","msg":"Cache Directories:"}
{"level":"info","time":"2025-02-12T19:31:25.827+0530","caller":"models/HypertestYamlConfig.go:709","msg":"    node_modules"}
{"level":"info","time":"2025-02-12T19:31:25.828+0530","caller":"models/HypertestYamlConfig.go:755","msg":""}
{"level":"debug","time":"2025-02-12T19:31:25.828+0530","caller":"filevalidator/setup.go:49","msg":"Warning: Checking data.json file in current directory, no dataJsonPath found in .hyperexecute.yaml"}
{"level":"debug","time":"2025-02-12T19:31:25.828+0530","caller":"filevalidator/setup.go:53","msg":"Warning: data.json file doesn't exist"}
{"level":"info","time":"2025-02-12T19:31:29.292+0530","caller":"core/lifecycle.go:436","msg":"You've consumed 12.32 % of your limit. Free trial mins left - 263.04"}
{"level":"debug","time":"2025-02-12T19:31:29.292+0530","caller":"core/lifecycle.go:511","msg":"Job ID: b1ed57f4-13c9-4e9f-9a3f-c93fdf55192a"}
{"level":"debug","time":"2025-02-12T19:31:29.292+0530","caller":"core/lifecycle.go:517","msg":"User has provided playwright as test type for the job with ID b1ed57f4-13c9-4e9f-9a3f-c93fdf55192a"}
{"level":"debug","time":"2025-02-12T19:31:29.292+0530","caller":"events/manager.go:95","msg":"Starting event manager"}
{"level":"debug","time":"2025-02-12T19:31:29.292+0530","caller":"events/manager.go:97","msg":"SSE enabled, getting SSE connection"}
{"level":"debug","time":"2025-02-12T19:31:29.293+0530","caller":"archivemanager/setup.go:340","msg":"digestMap: map[]"}
{"level":"debug","time":"2025-02-12T19:31:29.293+0530","caller":"archivemanager/setup.go:346","msg":"Creating archive of target directory: C:\\LambdaTest_Git_Repo\\HyperExecute-Playwright-Vanilla-Javascript"}
{"level":"debug","time":"2025-02-12T19:31:29.494+0530","caller":"events/manager.go:277","msg":"connection to hyperexecute server established successfully."}
{"level":"debug","time":"2025-02-12T19:31:30.021+0530","caller":"storage/azure.go:59","msg":"Payload size: 123.57 kB, source path C:\\Users\\lparate\\AppData\\Local\\Temp\\git.diff"}
{"level":"debug","time":"2025-02-12T19:31:30.529+0530","caller":"core/lifecycle.go:654","msg":"Zip file size: 10.95 MB"}
{"level":"debug","time":"2025-02-12T19:31:30.529+0530","caller":"core/lifecycle.go:664","msg":"Archive location: C:\\LambdaTest_Git_Repo\\HyperExecute-Playwright-Vanilla-Javascript\\hyperexecute-code-b1ed57f4-13c9-4e9f-9a3f-c93fdf55192a.zip\n"}
{"level":"debug","time":"2025-02-12T19:31:31.417+0530","caller":"storage/azure.go:59","msg":"Payload size: 10.95 MB, source path C:\\LambdaTest_Git_Repo\\HyperExecute-Playwright-Vanilla-Javascript\\hyperexecute-code-b1ed57f4-13c9-4e9f-9a3f-c93fdf55192a.zip"}
{"level":"info","time":"2025-02-12T19:31:40.465+0530","caller":"storage/azure.go:114","msg":"File upload completed in 10.473597s"}
{"level":"info","time":"2025-02-12T19:31:48.488+0530","caller":"storage/azure.go:114","msg":"File upload completed in 17.9586586s"}
{"level":"debug","time":"2025-02-12T19:31:48.488+0530","caller":"receptionmanager/setup.go:267","msg":"number of entries in runtimes: 0, switching to new yaml format"}
{"level":"debug","time":"2025-02-12T19:31:48.489+0530","caller":"receptionmanager/setup.go:306","msg":"only one partialreports entry detected, mapping it to older yaml format"}
{"level":"debug","time":"2025-02-12T19:31:48.490+0530","caller":"receptionmanager/setup.go:184","msg":"Uploading yaml : C:\\LambdaTest_Git_Repo\\HyperExecute-Playwright-Vanilla-Javascript\\.updatedhyperexecute.yaml"}
{"level":"debug","time":"2025-02-12T19:31:48.506+0530","caller":"storage/azure.go:59","msg":"Payload size: 3.50 kB, source path C:\\LambdaTest_Git_Repo\\HyperExecute-Playwright-Vanilla-Javascript\\.updatedhyperexecute.yaml"}
{"level":"info","time":"2025-02-12T19:31:59.373+0530","caller":"storage/azure.go:114","msg":"File upload completed in 10.8832581s"}
{"level":"debug","time":"2025-02-12T19:31:59.963+0530","caller":"core/lifecycle.go:691","msg":"Successfully deleted code archive: C:\\LambdaTest_Git_Repo\\HyperExecute-Playwright-Vanilla-Javascript\\hyperexecute-code-b1ed57f4-13c9-4e9f-9a3f-c93fdf55192a.zip\n"}
{"level":"debug","time":"2025-02-12T19:31:59.977+0530","caller":"storage/azure.go:59","msg":"Payload size: 594 B, source path mask-b1ed57f4-13c9-4e9f-9a3f-c93fdf55192a.yaml"}
{"level":"info","time":"2025-02-12T19:32:10.352+0530","caller":"storage/azure.go:114","msg":"File upload completed in 10.3862134s"}
{"level":"debug","time":"2025-02-12T19:32:43.493+0530","caller":"jobmanager/sse_setup.go:194","msg":"Task id: 256b4c4a-3a70-47e7-b6f6-22ada3d04479"}
{"level":"debug","time":"2025-02-12T19:32:43.493+0530","caller":"jobmanager/sse_setup.go:195","msg":"Sending new task alert to stage manager for taskId: 256b4c4a-3a70-47e7-b6f6-22ada3d04479"}
{"level":"debug","time":"2025-02-12T19:32:43.493+0530","caller":"jobmanager/sse_setup.go:194","msg":"Task id: 7a28b568-bded-4c1d-ab9e-a93554c28c76"}
{"level":"debug","time":"2025-02-12T19:32:43.493+0530","caller":"jobmanager/sse_setup.go:195","msg":"Sending new task alert to stage manager for taskId: 7a28b568-bded-4c1d-ab9e-a93554c28c76"}
{"level":"info","time":"2025-02-12T19:33:17.932+0530","caller":"terminal/terminal.go:187","msg":"✔ [2]  cache-download (2s)\n"}
{"level":"info","time":"2025-02-12T19:33:18.437+0530","caller":"jobmanager/sse_setup.go:85","msg":"\nJob b1ed57f4-13c9-4e9f-9a3f-c93fdf55192a has started RUNNING"}
{"level":"info","time":"2025-02-12T19:33:18.437+0530","caller":"jobmanager/manager.go:142","msg":"Job Link: https://hyperexecute.lambdatest.com/hyperexecute/task?jobId=b1ed57f4-13c9-4e9f-9a3f-c93fdf55192a\n"}
{"level":"info","time":"2025-02-12T19:33:28.704+0530","caller":"terminal/terminal.go:187","msg":"✔ [1]  cache-download (2s)\n"}
{"level":"info","time":"2025-02-12T19:33:51.534+0530","caller":"terminal/terminal.go:187","msg":"✔ [2]  pre (33s)\n"}
{"level":"info","time":"2025-02-12T19:33:51.988+0530","caller":"terminal/terminal.go:187","msg":"✔ [2]  discovery (1s)\n"}
{"level":"info","time":"2025-02-12T19:34:00.608+0530","caller":"terminal/terminal.go:187","msg":"✔ [1]  pre (33s)\n"}
{"level":"info","time":"2025-02-12T19:34:00.926+0530","caller":"terminal/terminal.go:187","msg":"✔ [1]  discovery (1s)\n"}
{"level":"info","time":"2025-02-12T19:35:14.962+0530","caller":"terminal/terminal.go:187","msg":"x [1]  tests/scenario_3.spec.js (1m5s)\n"}
{"level":"debug","time":"2025-02-12T19:35:19.755+0530","caller":"jobmanager/sse_setup.go:136","msg":"\n\nJob status"}
{"level":"info","time":"2025-02-12T19:35:19.755+0530","caller":"core/lifecycle.go:776","msg":"taskId:256b4c4a-3a70-47e7-b6f6-22ada3d04479 has failed with remark: error in running test suites - step 1 - exit status 1\n"}
{"level":"debug","time":"2025-02-12T19:35:19.755+0530","caller":"core/lifecycle.go:874","msg":"Context canceled"}
{"level":"info","time":"2025-02-12T19:35:19.755+0530","caller":"core/lifecycle.go:877","msg":"Stopping pipeline gracefully"}
{"level":"error","time":"2025-02-12T19:35:19.755+0530","caller":"core/lifecycle.go:880","msg":"2025-02-12T19:31:23+05:30    error    Exiting with error: Failed tasks found."}
{"level":"info","time":"2025-02-12T19:35:19.756+0530","caller":"jobmanager/manager.go:142","msg":"Job Link: https://hyperexecute.lambdatest.com/hyperexecute/task?jobId=b1ed57f4-13c9-4e9f-9a3f-c93fdf55192a\n"}
{"level":"debug","time":"2025-02-12T19:35:19.756+0530","caller":"core/lifecycle.go:57","msg":"Quit requested from main goroutine...."}
{"level":"debug","time":"2025-02-12T19:35:19.756+0530","caller":"core/lifecycle.go:58","msg":"Waiting for the goroutines to exit"}
{"level":"info","time":"2025-02-12T19:35:20.463+0530","caller":"jobmanager/JobSummaryManager.go:54","msg":"\n FAILED \n"}
{"level":"info","time":"2025-02-12T19:35:20.463+0530","caller":"jobmanager/JobSummaryManager.go:113","msg":"    Test Execution Time:                  49s"}
{"level":"info","time":"2025-02-12T19:35:20.463+0530","caller":"jobmanager/JobSummaryManager.go:113","msg":"    Job Duration Time:                    2m1s"}
{"level":"info","time":"2025-02-12T19:35:20.464+0530","caller":"jobmanager/JobSummaryManager.go:113","msg":"    Total Tasks:                          2"}
{"level":"info","time":"2025-02-12T19:35:20.464+0530","caller":"jobmanager/JobSummaryManager.go:113","msg":"    Cumulative Time Consumed:             2m27s"}
{"level":"info","time":"2025-02-12T19:35:20.464+0530","caller":"jobmanager/JobSummaryManager.go:113","msg":"    Total Stages:                         5"}
{"level":"info","time":"2025-02-12T19:35:20.464+0530","caller":"jobmanager/JobSummaryManager.go:113","msg":"    Pass discovery stage percentage:      100.00%"}
{"level":"info","time":"2025-02-12T19:35:20.464+0530","caller":"jobmanager/JobSummaryManager.go:113","msg":"    Failed discovery stage percentage:    0.00%"}
{"level":"info","time":"2025-02-12T19:35:20.464+0530","caller":"jobmanager/JobSummaryManager.go:113","msg":"    Pass pre stage percentage:            100.00%"}
{"level":"info","time":"2025-02-12T19:35:20.464+0530","caller":"jobmanager/JobSummaryManager.go:113","msg":"    Failed pre stage percentage:          0.00%"}
{"level":"info","time":"2025-02-12T19:35:20.464+0530","caller":"jobmanager/JobSummaryManager.go:113","msg":"    Pass test stage percentage:           0.00%"}
{"level":"info","time":"2025-02-12T19:35:20.465+0530","caller":"jobmanager/JobSummaryManager.go:113","msg":"    Failed test stage percentage:         100.00%"}
{"level":"info","time":"2025-02-12T19:35:20.465+0530","caller":"jobmanager/JobSummaryManager.go:113","msg":"    Pass post stage percentage:           0.00%"}
{"level":"info","time":"2025-02-12T19:35:20.465+0530","caller":"jobmanager/JobSummaryManager.go:113","msg":"    Failed post stage percentage:         0.00%"}
{"level":"info","time":"2025-02-12T19:35:20.465+0530","caller":"jobmanager/JobSummaryManager.go:113","msg":"    Failed Tasks:                         1"}
{"level":"info","time":"2025-02-12T19:35:20.465+0530","caller":"jobmanager/JobSummaryManager.go:58","msg":""}
{"level":"debug","time":"2025-02-12T19:35:49.757+0530","caller":"cmd/bin.go:330","msg":"main: all goroutines have finished."}
{"level":"debug","time":"2025-02-12T19:35:49.757+0530","caller":"cmd/bin.go:369","msg":"Exiting application due to error Failed tasks found."}
